2026-02-03 13:32:55,037 - backend.utils.db - INFO - Connected to MongoDB successfully
2026-02-03 13:32:55,037 - backend.utils.db - INFO - Disconnected from MongoDB
2026-02-03 13:33:24,906 - backend.utils.db - INFO - Connected to MongoDB successfully
2026-02-03 13:33:24,908 - backend.utils.db - INFO - Disconnected from MongoDB
2026-02-03 13:34:43,329 - backend.utils.db - INFO - Connected to MongoDB successfully
2026-02-03 13:34:43,330 - backend.utils.db - INFO - Disconnected from MongoDB
2026-02-03 13:37:11,893 - backend.utils.db - INFO - Connected to MongoDB successfully
2026-02-03 13:37:11,895 - backend.utils.db - INFO - Disconnected from MongoDB
2026-02-03 13:40:47,442 - backend.utils.db - INFO - Connected to MongoDB successfully
2026-02-03 13:40:47,443 - backend.utils.db - INFO - Disconnected from MongoDB
2026-02-03 13:46:32,427 - backend.utils.db - INFO - Connected to MongoDB successfully
2026-02-03 13:46:32,428 - backend.utils.db - INFO - Disconnected from MongoDB
2026-02-03 13:47:27,095 - backend.utils.db - INFO - Connected to MongoDB successfully
2026-02-03 13:47:27,095 - backend.utils.db - INFO - Disconnected from MongoDB
2026-02-03 13:47:56,933 - backend.utils.db - INFO - Connected to MongoDB successfully
2026-02-03 13:47:56,934 - backend.utils.db - INFO - Disconnected from MongoDB
2026-02-03 13:48:45,111 - backend.utils.db - INFO - Connected to MongoDB successfully
2026-02-03 13:48:45,112 - backend.utils.db - INFO - Disconnected from MongoDB
2026-02-03 14:10:03,177 - backend.utils.db - INFO - Connected to MongoDB successfully
2026-02-03 14:10:03,179 - backend.utils.db - INFO - Disconnected from MongoDB
2026-02-03 14:10:41,912 - backend.utils.db - INFO - Connected to MongoDB successfully
2026-02-03 14:10:41,913 - backend.utils.db - INFO - Disconnected from MongoDB
2026-02-03 14:11:07,071 - backend.utils.db - INFO - Connected to MongoDB successfully
2026-02-03 14:11:07,072 - backend.utils.db - INFO - Disconnected from MongoDB
2026-02-03 14:11:16,219 - backend.main - INFO - 🚀 Starting RAG AI Tutor application...
2026-02-03 14:11:16,719 - backend.utils.db - INFO - Connected to MongoDB successfully
2026-02-03 14:11:16,720 - backend.utils.db - ERROR - Failed to create indexes: Database objects do not implement truth value testing or bool(). Please compare with None instead: database is not None
2026-02-03 14:11:16,721 - backend.main - INFO - ✅ Application startup complete
2026-02-03 14:24:19,121 - backend.main - INFO - 🛑 Shutting down application...
2026-02-03 14:24:19,123 - backend.utils.db - INFO - Disconnected from MongoDB
2026-02-03 14:24:19,123 - backend.main - INFO - ✅ Application shutdown complete
2026-02-03 14:24:19,573 - backend.main - INFO - 🚀 Starting RAG AI Tutor application...
2026-02-03 14:24:19,588 - backend.utils.db - INFO - Connected to MongoDB successfully
2026-02-03 14:24:19,589 - backend.utils.db - ERROR - Failed to create indexes: Database objects do not implement truth value testing or bool(). Please compare with None instead: database is not None
2026-02-03 14:24:19,589 - backend.main - INFO - ✅ Application startup complete
2026-02-03 14:24:19,591 - backend.main - INFO - 🛑 Shutting down application...
2026-02-03 14:24:19,593 - backend.utils.db - INFO - Disconnected from MongoDB
2026-02-03 14:24:19,593 - backend.main - INFO - ✅ Application shutdown complete
2026-02-03 14:24:27,536 - backend.main - INFO - 🚀 Starting RAG AI Tutor application...
2026-02-03 14:24:35,730 - backend.main - INFO - 🚀 Starting RAG AI Tutor application...
2026-02-03 14:24:35,779 - backend.utils.db - INFO - Connected to MongoDB successfully
2026-02-03 14:24:35,779 - backend.utils.db - ERROR - Failed to create indexes: Database objects do not implement truth value testing or bool(). Please compare with None instead: database is not None
2026-02-03 14:24:35,780 - backend.main - INFO - ✅ Application startup complete
2026-02-03 15:19:18,425 - backend.main - INFO - 🚀 Starting RAG AI Tutor application...
2026-02-03 15:19:18,452 - backend.utils.db - INFO - Connected to MongoDB successfully
2026-02-03 15:19:18,452 - backend.utils.db - ERROR - Failed to create indexes: Database objects do not implement truth value testing or bool(). Please compare with None instead: database is not None
2026-02-03 15:19:18,453 - backend.main - INFO - ✅ Application startup complete
2026-02-03 15:19:58,659 - backend.main - INFO - 🚀 Starting RAG AI Tutor application...
2026-02-03 15:19:58,690 - backend.utils.db - INFO - Connected to MongoDB successfully
2026-02-03 15:19:58,691 - backend.utils.db - ERROR - Failed to create indexes: Database objects do not implement truth value testing or bool(). Please compare with None instead: database is not None
2026-02-03 15:19:58,692 - backend.main - INFO - ✅ Application startup complete
2026-02-03 15:19:58,695 - backend.main - INFO - 🛑 Shutting down application...
2026-02-03 15:19:58,696 - backend.utils.db - INFO - Disconnected from MongoDB
2026-02-03 15:19:58,696 - backend.main - INFO - ✅ Application shutdown complete
2026-02-03 15:21:37,035 - backend.utils.db - INFO - Connected to MongoDB successfully
2026-02-03 15:21:37,036 - backend.utils.db - INFO - Disconnected from MongoDB
2026-02-03 15:21:44,588 - backend.main - INFO - 🚀 Starting RAG AI Tutor application...
2026-02-03 15:21:44,623 - backend.utils.db - INFO - Connected to MongoDB successfully
2026-02-03 15:21:44,623 - backend.utils.db - ERROR - Failed to create indexes: Database objects do not implement truth value testing or bool(). Please compare with None instead: database is not None
2026-02-03 15:21:44,623 - backend.main - INFO - ✅ Application startup complete
2026-02-03 15:23:13,317 - backend.main - INFO - 🛑 Shutting down application...
2026-02-03 15:23:13,319 - backend.utils.db - INFO - Disconnected from MongoDB
2026-02-03 15:23:13,320 - backend.main - INFO - ✅ Application shutdown complete
2026-02-03 15:23:23,457 - backend.main - INFO - 🚀 Starting RAG AI Tutor application...
2026-02-03 15:24:41,699 - backend.main - INFO - 🚀 Starting RAG AI Tutor application...
2026-02-03 15:24:41,730 - backend.utils.db - INFO - Connected to MongoDB successfully
2026-02-03 15:24:41,730 - backend.utils.db - ERROR - Failed to create indexes: Database objects do not implement truth value testing or bool(). Please compare with None instead: database is not None
2026-02-03 15:24:41,731 - backend.main - INFO - ✅ Application startup complete
2026-02-03 15:24:43,018 - backend.main - ERROR - Health check failed: Database objects do not implement truth value testing or bool(). Please compare with None instead: database is not None
2026-02-03 15:26:05,156 - backend.main - ERROR - Health check failed: Database objects do not implement truth value testing or bool(). Please compare with None instead: database is not None
2026-02-03 15:27:43,186 - backend.main - INFO - 🚀 Starting RAG AI Tutor application...
2026-02-03 15:27:43,232 - backend.utils.db - INFO - Connected to MongoDB successfully
2026-02-03 15:27:43,483 - backend.utils.db - INFO - Database indexes created successfully
2026-02-03 15:27:43,484 - backend.main - INFO - ✅ Application startup complete
2026-02-03 15:31:27,017 - backend.main - INFO - 🚀 Starting RAG AI Tutor application...
2026-02-03 15:31:27,060 - backend.utils.db - INFO - Connected to MongoDB successfully
2026-02-03 15:31:27,071 - backend.utils.db - INFO - Database indexes created successfully
2026-02-03 15:31:27,072 - backend.main - INFO - ✅ Application startup complete
2026-02-03 15:32:19,406 - passlib.handlers.bcrypt - WARNING - (trapped) error reading bcrypt version
Traceback (most recent call last):
  File "C:\Users\Anany\AppData\Roaming\Python\Python312\site-packages\passlib\handlers\bcrypt.py", line 620, in _load_backend_mixin
    version = _bcrypt.__about__.__version__
              ^^^^^^^^^^^^^^^^^
AttributeError: module 'bcrypt' has no attribute '__about__'
2026-02-03 17:11:26,318 - tensorflow - WARNING - From C:\Users\Anany\AppData\Roaming\Python\Python312\site-packages\tf_keras\src\losses.py:2976: The name tf.losses.sparse_softmax_cross_entropy is deprecated. Please use tf.compat.v1.losses.sparse_softmax_cross_entropy instead.

2026-02-03 17:11:27,279 - sentence_transformers.SentenceTransformer - INFO - Use pytorch device_name: cpu
2026-02-03 17:11:27,280 - sentence_transformers.SentenceTransformer - INFO - Load pretrained SentenceTransformer: all-MiniLM-L6-v2
2026-02-03 17:11:29,822 - huggingface_hub.file_download - WARNING - Xet Storage is enabled for this repo, but the 'hf_xet' package is not installed. Falling back to regular HTTP download. For better performance, install the package with: `pip install huggingface_hub[hf_xet]` or `pip install hf_xet`
2026-02-03 17:11:46,943 - tensorflow - WARNING - From C:\Users\Anany\AppData\Roaming\Python\Python312\site-packages\tf_keras\src\losses.py:2976: The name tf.losses.sparse_softmax_cross_entropy is deprecated. Please use tf.compat.v1.losses.sparse_softmax_cross_entropy instead.

2026-02-03 17:11:47,604 - sentence_transformers.SentenceTransformer - INFO - Use pytorch device_name: cpu
2026-02-03 17:11:47,604 - sentence_transformers.SentenceTransformer - INFO - Load pretrained SentenceTransformer: all-MiniLM-L6-v2
2026-02-03 17:11:51,431 - backend.main - INFO - Starting RAG AI Tutor application...
2026-02-03 17:11:51,432 - root - INFO - Connecting to MongoDB...
2026-02-03 17:11:51,444 - root - INFO - Connected to MongoDB.
2026-02-03 17:11:51,444 - backend.main - INFO - Application startup complete
2026-02-03 17:11:51,456 - watchfiles.main - INFO - 1 change detected
2026-02-03 17:11:51,816 - watchfiles.main - INFO - 1 change detected
2026-02-03 17:11:52,177 - watchfiles.main - INFO - 1 change detected
2026-02-03 17:11:52,588 - watchfiles.main - INFO - 1 change detected
2026-02-03 17:11:53,043 - watchfiles.main - INFO - 1 change detected
2026-02-03 17:11:53,396 - watchfiles.main - INFO - 1 change detected
2026-02-03 17:11:53,807 - watchfiles.main - INFO - 1 change detected
2026-02-03 17:11:54,215 - watchfiles.main - INFO - 1 change detected
2026-02-03 17:11:54,571 - watchfiles.main - INFO - 1 change detected
2026-02-03 17:11:54,986 - watchfiles.main - INFO - 1 change detected
2026-02-03 17:11:55,396 - watchfiles.main - INFO - 1 change detected
2026-02-03 17:11:55,805 - watchfiles.main - INFO - 1 change detected
2026-02-03 17:11:56,162 - watchfiles.main - INFO - 1 change detected
2026-02-03 17:11:56,573 - watchfiles.main - INFO - 1 change detected
2026-02-03 17:11:56,985 - watchfiles.main - INFO - 1 change detected
2026-02-03 17:11:57,395 - watchfiles.main - INFO - 1 change detected
2026-02-03 17:11:57,805 - watchfiles.main - INFO - 1 change detected
2026-02-03 17:11:58,212 - watchfiles.main - INFO - 1 change detected
2026-02-03 17:11:58,620 - watchfiles.main - INFO - 1 change detected
2026-02-03 17:11:58,982 - watchfiles.main - INFO - 1 change detected
2026-02-03 17:11:59,397 - watchfiles.main - INFO - 1 change detected
2026-02-03 17:11:59,805 - watchfiles.main - INFO - 1 change detected
2026-02-03 17:12:00,166 - watchfiles.main - INFO - 1 change detected
2026-02-03 17:12:00,579 - watchfiles.main - INFO - 1 change detected
2026-02-03 17:12:00,990 - watchfiles.main - INFO - 1 change detected
2026-02-03 17:12:01,403 - watchfiles.main - INFO - 1 change detected
2026-02-03 17:12:01,813 - watchfiles.main - INFO - 1 change detected
2026-02-03 17:12:02,219 - watchfiles.main - INFO - 1 change detected
2026-02-03 17:12:02,625 - watchfiles.main - INFO - 1 change detected
2026-02-03 17:12:02,984 - watchfiles.main - INFO - 1 change detected
2026-02-03 17:12:03,401 - watchfiles.main - INFO - 1 change detected
2026-02-03 17:12:03,812 - watchfiles.main - INFO - 1 change detected
2026-02-03 17:12:04,171 - watchfiles.main - INFO - 1 change detected
2026-02-03 17:12:04,583 - watchfiles.main - INFO - 1 change detected
2026-02-03 17:12:04,991 - watchfiles.main - INFO - 1 change detected
2026-02-03 17:12:05,398 - watchfiles.main - INFO - 1 change detected
2026-02-03 17:12:05,760 - watchfiles.main - INFO - 1 change detected
2026-02-03 17:12:06,173 - watchfiles.main - INFO - 1 change detected
2026-02-03 17:12:06,581 - watchfiles.main - INFO - 1 change detected
2026-02-03 17:12:06,940 - watchfiles.main - INFO - 1 change detected
2026-02-03 17:12:07,352 - watchfiles.main - INFO - 1 change detected
2026-02-03 17:12:07,761 - watchfiles.main - INFO - 1 change detected
2026-02-03 17:12:08,171 - watchfiles.main - INFO - 1 change detected
2026-02-03 17:12:08,579 - watchfiles.main - INFO - 1 change detected
2026-02-03 17:12:08,936 - watchfiles.main - INFO - 1 change detected
2026-02-03 17:12:09,350 - watchfiles.main - INFO - 1 change detected
2026-02-03 17:12:09,756 - watchfiles.main - INFO - 1 change detected
2026-02-03 17:12:10,115 - watchfiles.main - INFO - 1 change detected
2026-02-03 17:12:10,529 - watchfiles.main - INFO - 1 change detected
2026-02-03 17:12:10,936 - watchfiles.main - INFO - 1 change detected
2026-02-03 17:12:11,346 - watchfiles.main - INFO - 1 change detected
2026-02-03 17:12:11,704 - watchfiles.main - INFO - 1 change detected
2026-02-03 17:12:12,116 - watchfiles.main - INFO - 1 change detected
2026-02-03 17:12:12,526 - watchfiles.main - INFO - 1 change detected
2026-02-03 17:12:12,934 - watchfiles.main - INFO - 1 change detected
2026-02-03 17:12:13,293 - watchfiles.main - INFO - 1 change detected
2026-02-03 17:12:13,655 - watchfiles.main - INFO - 1 change detected
2026-02-03 17:12:14,017 - watchfiles.main - INFO - 1 change detected
2026-02-03 17:12:14,427 - watchfiles.main - INFO - 1 change detected
2026-02-03 17:12:14,833 - watchfiles.main - INFO - 1 change detected
2026-02-03 17:12:15,239 - watchfiles.main - INFO - 1 change detected
2026-02-03 17:12:15,648 - watchfiles.main - INFO - 1 change detected
2026-02-03 17:12:16,055 - watchfiles.main - INFO - 1 change detected
2026-02-03 17:12:16,413 - watchfiles.main - INFO - 1 change detected
2026-02-03 17:12:16,826 - watchfiles.main - INFO - 1 change detected
2026-02-03 17:12:17,235 - watchfiles.main - INFO - 1 change detected
2026-02-03 17:12:17,644 - watchfiles.main - INFO - 1 change detected
2026-02-03 17:12:18,053 - watchfiles.main - INFO - 1 change detected
2026-02-03 17:12:18,461 - watchfiles.main - INFO - 1 change detected
2026-02-03 17:12:18,869 - watchfiles.main - INFO - 1 change detected
2026-02-03 17:12:19,279 - watchfiles.main - INFO - 1 change detected
2026-02-03 17:12:19,684 - watchfiles.main - INFO - 1 change detected
2026-02-03 17:12:20,092 - watchfiles.main - INFO - 1 change detected
2026-02-03 17:12:20,451 - watchfiles.main - INFO - 1 change detected
2026-02-03 17:12:20,865 - watchfiles.main - INFO - 1 change detected
2026-02-03 17:12:21,275 - watchfiles.main - INFO - 1 change detected
2026-02-03 17:12:21,685 - watchfiles.main - INFO - 1 change detected
2026-02-03 17:12:22,092 - watchfiles.main - INFO - 1 change detected
2026-02-03 17:12:22,450 - watchfiles.main - INFO - 1 change detected
2026-02-03 17:12:22,863 - watchfiles.main - INFO - 1 change detected
2026-02-03 17:12:23,323 - watchfiles.main - INFO - 1 change detected
2026-02-03 17:12:23,727 - watchfiles.main - INFO - 1 change detected
2026-02-03 17:12:24,133 - watchfiles.main - INFO - 1 change detected
2026-02-03 17:12:24,539 - watchfiles.main - INFO - 1 change detected
2026-02-03 17:12:24,948 - watchfiles.main - INFO - 1 change detected
2026-02-03 17:12:25,309 - watchfiles.main - INFO - 1 change detected
2026-02-03 17:12:25,718 - watchfiles.main - INFO - 1 change detected
2026-02-03 17:12:26,126 - watchfiles.main - INFO - 1 change detected
2026-02-03 17:12:26,534 - watchfiles.main - INFO - 1 change detected
2026-02-03 17:12:26,939 - watchfiles.main - INFO - 1 change detected
2026-02-03 17:12:27,298 - watchfiles.main - INFO - 1 change detected
2026-02-03 17:12:27,710 - watchfiles.main - INFO - 1 change detected
2026-02-03 17:12:28,119 - watchfiles.main - INFO - 1 change detected
2026-02-03 17:12:28,526 - watchfiles.main - INFO - 1 change detected
2026-02-03 17:12:28,937 - watchfiles.main - INFO - 1 change detected
2026-02-03 17:12:29,299 - watchfiles.main - INFO - 1 change detected
2026-02-03 17:12:29,712 - watchfiles.main - INFO - 1 change detected
2026-02-03 17:12:30,124 - watchfiles.main - INFO - 1 change detected
2026-02-03 17:12:30,481 - watchfiles.main - INFO - 1 change detected
2026-02-03 17:12:30,894 - watchfiles.main - INFO - 1 change detected
2026-02-03 17:12:31,300 - watchfiles.main - INFO - 1 change detected
2026-02-03 17:12:31,710 - watchfiles.main - INFO - 1 change detected
2026-02-03 17:12:32,116 - watchfiles.main - INFO - 1 change detected
2026-02-03 17:12:32,523 - watchfiles.main - INFO - 1 change detected
2026-02-03 17:12:32,929 - watchfiles.main - INFO - 1 change detected
2026-02-03 17:12:33,335 - watchfiles.main - INFO - 1 change detected
2026-02-03 17:12:33,696 - watchfiles.main - INFO - 1 change detected
2026-02-03 17:12:34,107 - watchfiles.main - INFO - 1 change detected
2026-02-03 17:12:34,515 - watchfiles.main - INFO - 1 change detected
2026-02-03 17:12:34,921 - watchfiles.main - INFO - 1 change detected
2026-02-03 17:12:35,325 - watchfiles.main - INFO - 1 change detected
2026-02-03 17:12:35,731 - watchfiles.main - INFO - 1 change detected
2026-02-03 17:12:36,137 - watchfiles.main - INFO - 1 change detected
2026-02-03 17:12:36,546 - watchfiles.main - INFO - 1 change detected
2026-02-03 17:12:36,954 - watchfiles.main - INFO - 1 change detected
2026-02-03 17:12:37,364 - watchfiles.main - INFO - 1 change detected
2026-02-03 17:12:37,770 - watchfiles.main - INFO - 1 change detected
2026-02-03 17:12:38,180 - watchfiles.main - INFO - 1 change detected
2026-02-03 17:12:38,541 - watchfiles.main - INFO - 1 change detected
2026-02-03 17:12:38,952 - watchfiles.main - INFO - 1 change detected
2026-02-03 17:12:39,358 - watchfiles.main - INFO - 1 change detected
2026-02-03 17:12:39,765 - watchfiles.main - INFO - 1 change detected
2026-02-03 17:12:40,127 - watchfiles.main - INFO - 1 change detected
2026-02-03 17:12:40,537 - watchfiles.main - INFO - 1 change detected
2026-02-03 17:12:40,943 - watchfiles.main - INFO - 1 change detected
2026-02-03 17:12:41,355 - watchfiles.main - INFO - 1 change detected
2026-02-03 17:12:41,762 - watchfiles.main - INFO - 1 change detected
2026-02-03 17:12:42,172 - watchfiles.main - INFO - 1 change detected
2026-02-03 17:12:42,532 - watchfiles.main - INFO - 1 change detected
2026-02-03 17:12:42,943 - watchfiles.main - INFO - 1 change detected
2026-02-03 17:12:43,350 - watchfiles.main - INFO - 1 change detected
2026-02-03 17:12:43,759 - watchfiles.main - INFO - 1 change detected
2026-02-03 17:12:44,169 - watchfiles.main - INFO - 1 change detected
2026-02-03 17:12:44,577 - watchfiles.main - INFO - 1 change detected
2026-02-03 17:12:44,934 - watchfiles.main - INFO - 1 change detected
2026-02-03 17:12:45,342 - watchfiles.main - INFO - 1 change detected
2026-02-03 17:12:45,750 - watchfiles.main - INFO - 1 change detected
2026-02-03 17:12:46,157 - watchfiles.main - INFO - 1 change detected
2026-02-03 17:12:46,564 - watchfiles.main - INFO - 1 change detected
2026-02-03 17:12:46,971 - watchfiles.main - INFO - 1 change detected
2026-02-03 17:12:47,381 - watchfiles.main - INFO - 1 change detected
2026-02-03 17:12:47,788 - watchfiles.main - INFO - 1 change detected
2026-02-03 17:12:48,196 - watchfiles.main - INFO - 1 change detected
2026-02-03 17:12:48,604 - watchfiles.main - INFO - 1 change detected
2026-02-03 17:12:49,012 - watchfiles.main - INFO - 1 change detected
2026-02-03 17:12:49,420 - watchfiles.main - INFO - 1 change detected
2026-02-03 17:12:49,826 - watchfiles.main - INFO - 1 change detected
2026-02-03 17:12:50,186 - watchfiles.main - INFO - 1 change detected
2026-02-03 17:12:50,596 - watchfiles.main - INFO - 1 change detected
2026-02-03 17:12:51,005 - watchfiles.main - INFO - 1 change detected
2026-02-03 17:12:51,414 - watchfiles.main - INFO - 1 change detected
2026-02-03 17:12:51,824 - watchfiles.main - INFO - 1 change detected
2026-02-03 17:12:52,182 - watchfiles.main - INFO - 1 change detected
2026-02-03 17:12:52,594 - watchfiles.main - INFO - 1 change detected
2026-02-03 17:12:52,998 - watchfiles.main - INFO - 1 change detected
2026-02-03 17:12:53,407 - watchfiles.main - INFO - 1 change detected
2026-02-03 17:12:53,818 - watchfiles.main - INFO - 1 change detected
2026-02-03 17:12:54,176 - watchfiles.main - INFO - 1 change detected
2026-02-03 17:12:54,586 - watchfiles.main - INFO - 1 change detected
2026-02-03 17:12:54,994 - watchfiles.main - INFO - 1 change detected
2026-02-03 17:12:55,404 - watchfiles.main - INFO - 1 change detected
2026-02-03 17:12:55,813 - watchfiles.main - INFO - 1 change detected
2026-02-03 17:12:56,219 - watchfiles.main - INFO - 1 change detected
2026-02-03 17:12:56,621 - watchfiles.main - INFO - 1 change detected
2026-02-03 17:12:57,032 - watchfiles.main - INFO - 1 change detected
2026-02-03 17:12:57,389 - watchfiles.main - INFO - 1 change detected
2026-02-03 17:12:57,852 - watchfiles.main - INFO - 1 change detected
2026-02-03 17:12:58,260 - watchfiles.main - INFO - 1 change detected
2026-02-03 17:12:58,668 - watchfiles.main - INFO - 1 change detected
2026-02-03 17:12:59,080 - watchfiles.main - INFO - 1 change detected
2026-02-03 17:12:59,487 - watchfiles.main - INFO - 1 change detected
2026-02-03 17:12:59,896 - watchfiles.main - INFO - 1 change detected
2026-02-03 17:13:00,255 - watchfiles.main - INFO - 1 change detected
2026-02-03 17:13:00,667 - watchfiles.main - INFO - 1 change detected
2026-02-03 17:13:01,080 - watchfiles.main - INFO - 1 change detected
2026-02-03 17:13:01,440 - watchfiles.main - INFO - 1 change detected
2026-02-03 17:13:01,855 - watchfiles.main - INFO - 1 change detected
2026-02-03 17:13:02,262 - watchfiles.main - INFO - 1 change detected
2026-02-03 17:13:02,672 - watchfiles.main - INFO - 1 change detected
2026-02-03 17:13:03,030 - watchfiles.main - INFO - 1 change detected
2026-02-03 17:13:03,442 - watchfiles.main - INFO - 1 change detected
2026-02-03 17:13:03,854 - watchfiles.main - INFO - 1 change detected
2026-02-03 17:13:04,262 - watchfiles.main - INFO - 1 change detected
2026-02-03 17:13:04,623 - watchfiles.main - INFO - 1 change detected
2026-02-03 17:13:05,035 - watchfiles.main - INFO - 1 change detected
2026-02-03 17:13:05,441 - watchfiles.main - INFO - 1 change detected
2026-02-03 17:13:05,845 - watchfiles.main - INFO - 1 change detected
2026-02-03 17:13:06,251 - watchfiles.main - INFO - 1 change detected
2026-02-03 17:13:06,662 - watchfiles.main - INFO - 1 change detected
2026-02-03 17:13:07,065 - watchfiles.main - INFO - 1 change detected
2026-02-03 17:13:07,424 - watchfiles.main - INFO - 1 change detected
2026-02-03 17:13:07,835 - watchfiles.main - INFO - 1 change detected
2026-02-03 17:13:08,245 - watchfiles.main - INFO - 1 change detected
2026-02-03 17:13:08,653 - watchfiles.main - INFO - 1 change detected
2026-02-03 17:13:09,062 - watchfiles.main - INFO - 1 change detected
2026-02-03 17:13:09,468 - watchfiles.main - INFO - 1 change detected
2026-02-03 17:13:09,875 - watchfiles.main - INFO - 1 change detected
2026-02-03 17:13:10,233 - watchfiles.main - INFO - 1 change detected
2026-02-03 17:13:10,645 - watchfiles.main - INFO - 1 change detected
2026-02-03 17:13:11,052 - watchfiles.main - INFO - 1 change detected
2026-02-03 17:13:11,461 - watchfiles.main - INFO - 1 change detected
2026-02-03 17:13:11,868 - watchfiles.main - INFO - 1 change detected
2026-02-03 17:13:12,275 - watchfiles.main - INFO - 1 change detected
2026-02-03 17:13:12,682 - watchfiles.main - INFO - 1 change detected
2026-02-03 17:13:13,040 - watchfiles.main - INFO - 1 change detected
2026-02-03 17:13:13,452 - watchfiles.main - INFO - 1 change detected
2026-02-03 17:13:13,859 - watchfiles.main - INFO - 1 change detected
2026-02-03 17:13:14,266 - watchfiles.main - INFO - 1 change detected
2026-02-03 17:13:14,672 - watchfiles.main - INFO - 1 change detected
2026-02-03 17:13:15,079 - watchfiles.main - INFO - 1 change detected
2026-02-03 17:13:15,485 - watchfiles.main - INFO - 1 change detected
2026-02-03 17:13:15,896 - watchfiles.main - INFO - 1 change detected
2026-02-03 17:13:16,302 - watchfiles.main - INFO - 1 change detected
2026-02-03 17:13:16,710 - watchfiles.main - INFO - 1 change detected
2026-02-03 17:13:17,113 - watchfiles.main - INFO - 1 change detected
2026-02-03 17:13:17,473 - watchfiles.main - INFO - 1 change detected
2026-02-03 17:13:17,888 - watchfiles.main - INFO - 1 change detected
2026-02-03 17:13:18,295 - watchfiles.main - INFO - 1 change detected
2026-02-03 17:13:18,701 - watchfiles.main - INFO - 1 change detected
2026-02-03 17:13:19,109 - watchfiles.main - INFO - 1 change detected
2026-02-03 17:13:19,513 - watchfiles.main - INFO - 1 change detected
2026-02-03 17:13:19,920 - watchfiles.main - INFO - 1 change detected
2026-02-03 17:13:20,328 - watchfiles.main - INFO - 1 change detected
2026-02-03 17:13:20,684 - watchfiles.main - INFO - 1 change detected
2026-02-03 17:13:21,095 - watchfiles.main - INFO - 1 change detected
2026-02-03 17:13:21,499 - watchfiles.main - INFO - 1 change detected
2026-02-03 17:13:21,910 - watchfiles.main - INFO - 1 change detected
2026-02-03 17:13:22,316 - watchfiles.main - INFO - 1 change detected
2026-02-03 17:13:22,721 - watchfiles.main - INFO - 1 change detected
2026-02-03 17:13:23,129 - watchfiles.main - INFO - 1 change detected
2026-02-03 17:13:23,487 - watchfiles.main - INFO - 1 change detected
2026-02-03 17:13:23,949 - watchfiles.main - INFO - 1 change detected
2026-02-03 17:13:24,302 - watchfiles.main - INFO - 1 change detected
2026-02-03 17:13:24,713 - watchfiles.main - INFO - 1 change detected
2026-02-03 17:13:25,125 - watchfiles.main - INFO - 1 change detected
2026-02-03 17:13:25,484 - watchfiles.main - INFO - 1 change detected
2026-02-03 17:13:25,894 - watchfiles.main - INFO - 1 change detected
2026-02-03 17:13:26,301 - watchfiles.main - INFO - 1 change detected
2026-02-03 17:13:26,709 - watchfiles.main - INFO - 1 change detected
2026-02-03 17:13:27,115 - watchfiles.main - INFO - 1 change detected
2026-02-03 17:13:27,521 - watchfiles.main - INFO - 1 change detected
2026-02-03 17:13:27,929 - watchfiles.main - INFO - 1 change detected
2026-02-03 17:13:28,335 - watchfiles.main - INFO - 1 change detected
2026-02-03 17:13:28,742 - watchfiles.main - INFO - 1 change detected
2026-02-03 17:13:29,147 - watchfiles.main - INFO - 1 change detected
2026-02-03 17:13:29,556 - watchfiles.main - INFO - 1 change detected
2026-02-03 17:13:29,916 - watchfiles.main - INFO - 1 change detected
2026-02-03 17:13:30,328 - watchfiles.main - INFO - 1 change detected
2026-02-03 17:13:30,738 - watchfiles.main - INFO - 1 change detected
2026-02-03 17:13:31,147 - watchfiles.main - INFO - 1 change detected
2026-02-03 17:13:31,507 - watchfiles.main - INFO - 1 change detected
2026-02-03 17:13:31,919 - watchfiles.main - INFO - 1 change detected
2026-02-03 17:13:32,326 - watchfiles.main - INFO - 1 change detected
2026-02-03 17:13:32,734 - watchfiles.main - INFO - 1 change detected
2026-02-03 17:13:33,091 - watchfiles.main - INFO - 1 change detected
2026-02-03 17:13:33,506 - watchfiles.main - INFO - 1 change detected
2026-02-03 17:13:33,914 - watchfiles.main - INFO - 1 change detected
2026-02-03 17:13:34,322 - watchfiles.main - INFO - 1 change detected
2026-02-03 17:13:34,727 - watchfiles.main - INFO - 1 change detected
2026-02-03 17:13:35,132 - watchfiles.main - INFO - 1 change detected
2026-02-03 17:13:35,538 - watchfiles.main - INFO - 1 change detected
2026-02-03 17:13:35,946 - watchfiles.main - INFO - 1 change detected
2026-02-03 17:13:36,349 - watchfiles.main - INFO - 1 change detected
2026-02-03 17:13:36,705 - watchfiles.main - INFO - 1 change detected
2026-02-03 17:13:37,064 - watchfiles.main - INFO - 1 change detected
2026-02-03 17:13:37,475 - watchfiles.main - INFO - 1 change detected
2026-02-03 17:13:37,880 - watchfiles.main - INFO - 1 change detected
2026-02-03 17:13:38,288 - watchfiles.main - INFO - 1 change detected
2026-02-03 17:13:38,696 - watchfiles.main - INFO - 1 change detected
2026-02-03 17:13:39,101 - watchfiles.main - INFO - 1 change detected
2026-02-03 17:13:39,510 - watchfiles.main - INFO - 1 change detected
2026-02-03 17:13:39,919 - watchfiles.main - INFO - 1 change detected
2026-02-03 17:13:40,329 - watchfiles.main - INFO - 1 change detected
2026-02-03 17:13:40,736 - watchfiles.main - INFO - 1 change detected
2026-02-03 17:13:41,142 - watchfiles.main - INFO - 1 change detected
2026-02-03 17:13:41,501 - watchfiles.main - INFO - 1 change detected
2026-02-03 17:13:41,911 - watchfiles.main - INFO - 1 change detected
2026-02-03 17:13:42,319 - watchfiles.main - INFO - 1 change detected
2026-02-03 17:13:42,722 - watchfiles.main - INFO - 1 change detected
2026-02-03 17:13:43,129 - watchfiles.main - INFO - 1 change detected
2026-02-03 17:13:43,537 - watchfiles.main - INFO - 1 change detected
2026-02-03 17:13:43,944 - watchfiles.main - INFO - 1 change detected
2026-02-03 17:13:44,301 - watchfiles.main - INFO - 1 change detected
2026-02-03 17:13:44,713 - watchfiles.main - INFO - 1 change detected
2026-02-03 17:13:45,122 - watchfiles.main - INFO - 1 change detected
2026-02-03 17:13:45,529 - watchfiles.main - INFO - 1 change detected
2026-02-03 17:13:45,939 - watchfiles.main - INFO - 1 change detected
2026-02-03 17:13:46,296 - watchfiles.main - INFO - 1 change detected
2026-02-03 17:13:46,709 - watchfiles.main - INFO - 1 change detected
2026-02-03 17:13:47,118 - watchfiles.main - INFO - 1 change detected
2026-02-03 17:13:47,522 - watchfiles.main - INFO - 1 change detected
2026-02-03 17:13:47,929 - watchfiles.main - INFO - 1 change detected
2026-02-03 17:13:48,332 - watchfiles.main - INFO - 1 change detected
2026-02-03 17:13:48,740 - watchfiles.main - INFO - 1 change detected
2026-02-03 17:13:49,148 - watchfiles.main - INFO - 1 change detected
2026-02-03 17:13:49,509 - watchfiles.main - INFO - 1 change detected
2026-02-03 17:13:49,919 - watchfiles.main - INFO - 1 change detected
2026-02-03 17:13:50,327 - watchfiles.main - INFO - 1 change detected
2026-02-03 17:13:50,733 - watchfiles.main - INFO - 1 change detected
2026-02-03 17:13:51,144 - watchfiles.main - INFO - 1 change detected
2026-02-03 17:13:51,547 - watchfiles.main - INFO - 1 change detected
2026-02-03 17:13:51,954 - watchfiles.main - INFO - 1 change detected
2026-02-03 17:13:52,357 - watchfiles.main - INFO - 1 change detected
2026-02-03 17:13:52,765 - watchfiles.main - INFO - 1 change detected
2026-02-03 17:13:53,125 - watchfiles.main - INFO - 1 change detected
2026-02-03 17:13:53,533 - watchfiles.main - INFO - 1 change detected
2026-02-03 17:13:53,938 - watchfiles.main - INFO - 1 change detected
2026-02-03 17:13:54,346 - watchfiles.main - INFO - 1 change detected
2026-02-03 17:13:54,757 - watchfiles.main - INFO - 1 change detected
2026-02-03 17:13:55,165 - watchfiles.main - INFO - 1 change detected
2026-02-03 17:13:55,522 - watchfiles.main - INFO - 1 change detected
2026-02-03 17:13:55,984 - watchfiles.main - INFO - 1 change detected
2026-02-03 17:13:56,392 - watchfiles.main - INFO - 1 change detected
2026-02-03 17:13:56,754 - watchfiles.main - INFO - 1 change detected
2026-02-03 17:13:57,167 - watchfiles.main - INFO - 1 change detected
2026-02-03 17:13:57,577 - watchfiles.main - INFO - 1 change detected
2026-02-03 17:13:57,935 - watchfiles.main - INFO - 1 change detected
2026-02-03 17:13:58,298 - watchfiles.main - INFO - 1 change detected
2026-02-03 17:13:58,661 - watchfiles.main - INFO - 1 change detected
2026-02-03 17:13:59,075 - watchfiles.main - INFO - 1 change detected
2026-02-03 17:13:59,484 - watchfiles.main - INFO - 1 change detected
2026-02-03 17:13:59,839 - watchfiles.main - INFO - 1 change detected
2026-02-03 17:14:00,251 - watchfiles.main - INFO - 1 change detected
2026-02-03 17:14:00,660 - watchfiles.main - INFO - 1 change detected
2026-02-03 17:14:01,020 - watchfiles.main - INFO - 1 change detected
2026-02-03 17:14:01,432 - watchfiles.main - INFO - 1 change detected
2026-02-03 17:14:01,843 - watchfiles.main - INFO - 1 change detected
2026-02-03 17:14:02,249 - watchfiles.main - INFO - 1 change detected
2026-02-03 17:14:02,663 - watchfiles.main - INFO - 1 change detected
2026-02-03 17:14:03,071 - watchfiles.main - INFO - 1 change detected
2026-02-03 17:14:03,430 - watchfiles.main - INFO - 1 change detected
2026-02-03 17:14:03,843 - watchfiles.main - INFO - 1 change detected
2026-02-03 17:14:04,247 - watchfiles.main - INFO - 1 change detected
2026-02-03 17:14:04,655 - watchfiles.main - INFO - 1 change detected
2026-02-03 17:14:05,058 - watchfiles.main - INFO - 1 change detected
2026-02-03 17:14:05,467 - watchfiles.main - INFO - 1 change detected
2026-02-03 17:14:05,878 - watchfiles.main - INFO - 1 change detected
2026-02-03 17:14:06,287 - watchfiles.main - INFO - 1 change detected
2026-02-03 17:14:06,645 - watchfiles.main - INFO - 1 change detected
2026-02-03 17:14:07,057 - watchfiles.main - INFO - 1 change detected
2026-02-03 17:14:07,462 - watchfiles.main - INFO - 1 change detected
2026-02-03 17:14:07,869 - watchfiles.main - INFO - 1 change detected
2026-02-03 17:14:08,274 - watchfiles.main - INFO - 1 change detected
2026-02-03 17:14:08,681 - watchfiles.main - INFO - 1 change detected
2026-02-03 17:14:09,087 - watchfiles.main - INFO - 1 change detected
2026-02-03 17:14:09,497 - watchfiles.main - INFO - 1 change detected
2026-02-03 17:14:09,857 - watchfiles.main - INFO - 1 change detected
2026-02-03 17:14:10,265 - watchfiles.main - INFO - 1 change detected
2026-02-03 17:14:10,671 - watchfiles.main - INFO - 1 change detected
2026-02-03 17:14:11,077 - watchfiles.main - INFO - 1 change detected
2026-02-03 17:14:11,486 - watchfiles.main - INFO - 1 change detected
2026-02-03 17:14:11,894 - watchfiles.main - INFO - 1 change detected
2026-02-03 17:14:12,300 - watchfiles.main - INFO - 1 change detected
2026-02-03 17:14:12,708 - watchfiles.main - INFO - 1 change detected
2026-02-03 17:14:13,066 - watchfiles.main - INFO - 1 change detected
2026-02-03 17:14:13,424 - watchfiles.main - INFO - 1 change detected
2026-02-03 17:14:13,833 - watchfiles.main - INFO - 1 change detected
2026-02-03 17:14:14,239 - watchfiles.main - INFO - 1 change detected
2026-02-03 17:14:14,599 - watchfiles.main - INFO - 1 change detected
2026-02-03 17:14:15,009 - watchfiles.main - INFO - 1 change detected
2026-02-03 17:14:15,419 - watchfiles.main - INFO - 1 change detected
2026-02-03 17:14:15,828 - watchfiles.main - INFO - 1 change detected
2026-02-03 17:14:16,187 - watchfiles.main - INFO - 1 change detected
2026-02-03 17:14:16,597 - watchfiles.main - INFO - 1 change detected
2026-02-03 17:14:17,009 - watchfiles.main - INFO - 1 change detected
2026-02-03 17:14:17,418 - watchfiles.main - INFO - 1 change detected
2026-02-03 17:14:17,826 - watchfiles.main - INFO - 1 change detected
2026-02-03 17:14:18,183 - watchfiles.main - INFO - 1 change detected
2026-02-03 17:14:18,595 - watchfiles.main - INFO - 1 change detected
2026-02-03 17:14:19,003 - watchfiles.main - INFO - 1 change detected
2026-02-03 17:14:19,407 - watchfiles.main - INFO - 1 change detected
2026-02-03 17:14:19,811 - watchfiles.main - INFO - 1 change detected
2026-02-03 17:14:20,222 - watchfiles.main - INFO - 1 change detected
2026-02-03 17:14:20,626 - watchfiles.main - INFO - 1 change detected
2026-02-03 17:14:21,031 - watchfiles.main - INFO - 1 change detected
2026-02-03 17:14:21,437 - watchfiles.main - INFO - 1 change detected
2026-02-03 17:14:21,846 - watchfiles.main - INFO - 1 change detected
2026-02-03 17:14:22,220 - watchfiles.main - INFO - 1 change detected
2026-02-03 17:14:22,636 - watchfiles.main - INFO - 1 change detected
2026-02-03 17:14:23,047 - watchfiles.main - INFO - 1 change detected
2026-02-03 17:14:23,404 - watchfiles.main - INFO - 1 change detected
2026-02-03 17:14:23,813 - watchfiles.main - INFO - 1 change detected
2026-02-03 17:14:24,221 - watchfiles.main - INFO - 1 change detected
2026-02-03 17:14:24,630 - watchfiles.main - INFO - 1 change detected
2026-02-03 17:14:25,038 - watchfiles.main - INFO - 1 change detected
2026-02-03 17:14:25,447 - watchfiles.main - INFO - 1 change detected
2026-02-03 17:14:25,803 - watchfiles.main - INFO - 1 change detected
2026-02-03 17:14:26,214 - watchfiles.main - INFO - 1 change detected
2026-02-03 17:14:26,624 - watchfiles.main - INFO - 1 change detected
2026-02-03 17:14:27,031 - watchfiles.main - INFO - 1 change detected
2026-02-03 17:14:27,438 - watchfiles.main - INFO - 1 change detected
2026-02-03 17:14:27,844 - watchfiles.main - INFO - 1 change detected
2026-02-03 17:14:28,250 - watchfiles.main - INFO - 1 change detected
2026-02-03 17:14:28,611 - watchfiles.main - INFO - 1 change detected
2026-02-03 17:14:29,027 - watchfiles.main - INFO - 1 change detected
2026-02-03 17:14:29,438 - watchfiles.main - INFO - 1 change detected
2026-02-03 17:14:29,797 - watchfiles.main - INFO - 1 change detected
2026-02-03 17:14:30,209 - watchfiles.main - INFO - 1 change detected
2026-02-03 17:14:30,615 - watchfiles.main - INFO - 1 change detected
2026-02-03 17:14:31,023 - watchfiles.main - INFO - 1 change detected
2026-02-03 17:14:31,428 - watchfiles.main - INFO - 1 change detected
2026-02-03 17:14:31,835 - watchfiles.main - INFO - 1 change detected
2026-02-03 17:14:32,242 - watchfiles.main - INFO - 1 change detected
2026-02-03 17:14:32,651 - watchfiles.main - INFO - 1 change detected
2026-02-03 17:14:33,062 - watchfiles.main - INFO - 1 change detected
2026-02-03 17:14:33,419 - watchfiles.main - INFO - 1 change detected
2026-02-03 17:14:33,828 - watchfiles.main - INFO - 1 change detected
2026-02-03 17:14:34,237 - watchfiles.main - INFO - 1 change detected
2026-02-03 17:14:34,644 - watchfiles.main - INFO - 1 change detected
2026-02-03 17:14:35,049 - watchfiles.main - INFO - 1 change detected
2026-02-03 17:14:35,404 - watchfiles.main - INFO - 1 change detected
2026-02-03 17:14:35,814 - watchfiles.main - INFO - 1 change detected
2026-02-03 17:14:36,219 - watchfiles.main - INFO - 1 change detected
2026-02-03 17:14:36,674 - watchfiles.main - INFO - 1 change detected
2026-02-03 17:14:37,080 - watchfiles.main - INFO - 1 change detected
2026-02-03 17:14:37,488 - watchfiles.main - INFO - 1 change detected
2026-02-03 17:14:37,895 - watchfiles.main - INFO - 1 change detected
2026-02-03 17:14:38,255 - watchfiles.main - INFO - 1 change detected
2026-02-03 17:14:38,666 - watchfiles.main - INFO - 1 change detected
2026-02-03 17:14:39,075 - watchfiles.main - INFO - 1 change detected
2026-02-03 17:14:39,482 - watchfiles.main - INFO - 1 change detected
2026-02-03 17:14:39,890 - watchfiles.main - INFO - 1 change detected
2026-02-03 17:14:40,300 - watchfiles.main - INFO - 1 change detected
2026-02-03 17:14:40,707 - watchfiles.main - INFO - 1 change detected
2026-02-03 17:14:41,114 - watchfiles.main - INFO - 1 change detected
2026-02-03 17:14:41,519 - watchfiles.main - INFO - 1 change detected
2026-02-03 17:14:41,927 - watchfiles.main - INFO - 1 change detected
2026-02-03 17:14:42,332 - watchfiles.main - INFO - 1 change detected
2026-02-03 17:14:42,743 - watchfiles.main - INFO - 1 change detected
2026-02-03 17:14:43,100 - watchfiles.main - INFO - 1 change detected
2026-02-03 17:14:43,511 - watchfiles.main - INFO - 1 change detected
2026-02-03 17:14:43,919 - watchfiles.main - INFO - 1 change detected
2026-02-03 17:14:44,279 - watchfiles.main - INFO - 1 change detected
2026-02-03 17:14:44,741 - watchfiles.main - INFO - 1 change detected
2026-02-03 17:14:45,094 - watchfiles.main - INFO - 1 change detected
2026-02-03 17:14:45,506 - watchfiles.main - INFO - 1 change detected
2026-02-03 17:14:45,912 - watchfiles.main - INFO - 1 change detected
2026-02-03 17:14:46,319 - watchfiles.main - INFO - 1 change detected
2026-02-03 17:14:46,725 - watchfiles.main - INFO - 1 change detected
2026-02-03 17:14:47,130 - watchfiles.main - INFO - 1 change detected
2026-02-03 17:14:47,536 - watchfiles.main - INFO - 1 change detected
2026-02-03 17:14:47,995 - watchfiles.main - INFO - 1 change detected
2026-02-03 17:14:48,350 - watchfiles.main - INFO - 1 change detected
2026-02-03 17:14:48,761 - watchfiles.main - INFO - 1 change detected
2026-02-03 17:14:49,167 - watchfiles.main - INFO - 1 change detected
2026-02-03 17:14:49,575 - watchfiles.main - INFO - 1 change detected
2026-02-03 17:14:49,933 - watchfiles.main - INFO - 1 change detected
2026-02-03 17:14:50,345 - watchfiles.main - INFO - 1 change detected
2026-02-03 17:14:50,753 - watchfiles.main - INFO - 1 change detected
2026-02-03 17:14:51,165 - watchfiles.main - INFO - 1 change detected
2026-02-03 17:14:51,571 - watchfiles.main - INFO - 1 change detected
2026-02-03 17:14:51,977 - watchfiles.main - INFO - 1 change detected
2026-02-03 17:14:52,383 - watchfiles.main - INFO - 1 change detected
2026-02-03 17:14:52,790 - watchfiles.main - INFO - 1 change detected
2026-02-03 17:14:53,195 - watchfiles.main - INFO - 1 change detected
2026-02-03 17:14:53,553 - watchfiles.main - INFO - 1 change detected
2026-02-03 17:14:53,965 - watchfiles.main - INFO - 1 change detected
2026-02-03 17:14:54,375 - watchfiles.main - INFO - 1 change detected
2026-02-03 17:14:54,778 - watchfiles.main - INFO - 1 change detected
2026-02-03 17:14:55,186 - watchfiles.main - INFO - 1 change detected
2026-02-03 17:14:55,595 - watchfiles.main - INFO - 1 change detected
2026-02-03 17:14:56,003 - watchfiles.main - INFO - 1 change detected
2026-02-03 17:14:56,411 - watchfiles.main - INFO - 1 change detected
2026-02-03 17:14:56,767 - watchfiles.main - INFO - 1 change detected
2026-02-03 17:14:57,176 - watchfiles.main - INFO - 1 change detected
2026-02-03 17:14:57,584 - watchfiles.main - INFO - 1 change detected
2026-02-03 17:14:57,991 - watchfiles.main - INFO - 1 change detected
2026-02-03 17:14:58,401 - watchfiles.main - INFO - 1 change detected
2026-02-03 17:14:58,807 - watchfiles.main - INFO - 1 change detected
2026-02-03 17:14:59,216 - watchfiles.main - INFO - 1 change detected
2026-02-03 17:14:59,625 - watchfiles.main - INFO - 1 change detected
2026-02-03 17:14:59,982 - watchfiles.main - INFO - 1 change detected
2026-02-03 17:15:00,397 - watchfiles.main - INFO - 1 change detected
2026-02-03 17:15:00,803 - watchfiles.main - INFO - 1 change detected
2026-02-03 17:15:01,213 - watchfiles.main - INFO - 1 change detected
2026-02-03 17:15:01,620 - watchfiles.main - INFO - 1 change detected
2026-02-03 17:15:02,029 - watchfiles.main - INFO - 1 change detected
2026-02-03 17:15:02,438 - watchfiles.main - INFO - 1 change detected
2026-02-03 17:15:02,798 - watchfiles.main - INFO - 1 change detected
2026-02-03 17:15:03,161 - watchfiles.main - INFO - 1 change detected
2026-02-03 17:15:03,573 - watchfiles.main - INFO - 1 change detected
2026-02-03 17:15:03,980 - watchfiles.main - INFO - 1 change detected
2026-02-03 17:15:04,390 - watchfiles.main - INFO - 1 change detected
2026-02-03 17:15:04,792 - watchfiles.main - INFO - 1 change detected
2026-02-03 17:15:05,198 - watchfiles.main - INFO - 1 change detected
2026-02-03 17:15:05,606 - watchfiles.main - INFO - 1 change detected
2026-02-03 17:15:06,014 - watchfiles.main - INFO - 1 change detected
2026-02-03 17:15:06,369 - watchfiles.main - INFO - 1 change detected
2026-02-03 17:15:06,780 - watchfiles.main - INFO - 1 change detected
2026-02-03 17:15:07,186 - watchfiles.main - INFO - 1 change detected
2026-02-03 17:15:07,589 - watchfiles.main - INFO - 1 change detected
2026-02-03 17:15:07,992 - watchfiles.main - INFO - 1 change detected
2026-02-03 17:15:08,397 - watchfiles.main - INFO - 1 change detected
2026-02-03 17:15:08,802 - watchfiles.main - INFO - 1 change detected
2026-02-03 17:15:09,209 - watchfiles.main - INFO - 1 change detected
2026-02-03 17:15:09,618 - watchfiles.main - INFO - 1 change detected
2026-02-03 17:15:10,024 - watchfiles.main - INFO - 1 change detected
2026-02-03 17:15:10,428 - watchfiles.main - INFO - 1 change detected
2026-02-03 17:15:10,833 - watchfiles.main - INFO - 1 change detected
2026-02-03 17:15:11,242 - watchfiles.main - INFO - 1 change detected
2026-02-03 17:15:11,649 - watchfiles.main - INFO - 1 change detected
2026-02-03 17:15:12,053 - watchfiles.main - INFO - 1 change detected
2026-02-03 17:15:12,460 - watchfiles.main - INFO - 1 change detected
2026-02-03 17:15:12,826 - watchfiles.main - INFO - 1 change detected
2026-02-03 17:15:13,238 - watchfiles.main - INFO - 1 change detected
2026-02-03 17:15:13,641 - watchfiles.main - INFO - 1 change detected
2026-02-03 17:15:14,049 - watchfiles.main - INFO - 1 change detected
2026-02-03 17:15:14,457 - watchfiles.main - INFO - 1 change detected
2026-02-03 17:15:14,815 - watchfiles.main - INFO - 1 change detected
2026-02-03 17:15:15,226 - watchfiles.main - INFO - 1 change detected
2026-02-03 17:15:15,631 - watchfiles.main - INFO - 1 change detected
2026-02-03 17:15:16,037 - watchfiles.main - INFO - 1 change detected
2026-02-03 17:15:16,443 - watchfiles.main - INFO - 1 change detected
2026-02-03 17:15:16,847 - watchfiles.main - INFO - 1 change detected
2026-02-03 17:15:17,251 - watchfiles.main - INFO - 1 change detected
2026-02-03 17:15:17,660 - watchfiles.main - INFO - 1 change detected
2026-02-03 17:15:18,064 - watchfiles.main - INFO - 1 change detected
2026-02-03 17:15:18,470 - watchfiles.main - INFO - 1 change detected
2026-02-03 17:15:18,875 - watchfiles.main - INFO - 1 change detected
2026-02-03 17:15:19,235 - watchfiles.main - INFO - 1 change detected
2026-02-03 17:15:19,645 - watchfiles.main - INFO - 1 change detected
2026-02-03 17:15:20,055 - watchfiles.main - INFO - 1 change detected
2026-02-03 17:15:20,462 - watchfiles.main - INFO - 1 change detected
2026-02-03 17:15:20,872 - watchfiles.main - INFO - 1 change detected
2026-02-03 17:15:21,229 - watchfiles.main - INFO - 1 change detected
2026-02-03 17:15:21,635 - watchfiles.main - INFO - 1 change detected
2026-02-03 17:15:22,042 - watchfiles.main - INFO - 1 change detected
2026-02-03 17:15:22,446 - watchfiles.main - INFO - 1 change detected
2026-02-03 17:15:22,850 - watchfiles.main - INFO - 1 change detected
2026-02-03 17:15:23,259 - watchfiles.main - INFO - 1 change detected
2026-02-03 17:15:23,662 - watchfiles.main - INFO - 1 change detected
2026-02-03 17:15:24,018 - watchfiles.main - INFO - 1 change detected
2026-02-03 17:15:24,426 - watchfiles.main - INFO - 1 change detected
2026-02-03 17:15:24,835 - watchfiles.main - INFO - 1 change detected
2026-02-03 17:15:25,244 - watchfiles.main - INFO - 1 change detected
2026-02-03 17:15:25,659 - watchfiles.main - INFO - 1 change detected
2026-02-03 17:15:26,018 - watchfiles.main - INFO - 1 change detected
2026-02-03 17:15:26,430 - watchfiles.main - INFO - 1 change detected
2026-02-03 17:15:26,836 - watchfiles.main - INFO - 1 change detected
2026-02-03 17:15:27,242 - watchfiles.main - INFO - 1 change detected
2026-02-03 17:15:27,599 - watchfiles.main - INFO - 1 change detected
2026-02-03 17:15:28,016 - watchfiles.main - INFO - 1 change detected
2026-02-03 17:15:28,427 - watchfiles.main - INFO - 1 change detected
2026-02-03 17:15:28,834 - watchfiles.main - INFO - 1 change detected
2026-02-03 17:15:29,244 - watchfiles.main - INFO - 1 change detected
2026-02-03 17:15:29,650 - watchfiles.main - INFO - 1 change detected
2026-02-03 17:15:30,008 - watchfiles.main - INFO - 1 change detected
2026-02-03 17:15:30,416 - watchfiles.main - INFO - 1 change detected
2026-02-03 17:15:30,827 - watchfiles.main - INFO - 1 change detected
2026-02-03 17:15:31,234 - watchfiles.main - INFO - 1 change detected
2026-02-03 17:15:31,692 - watchfiles.main - INFO - 1 change detected
2026-02-03 17:15:32,095 - watchfiles.main - INFO - 1 change detected
2026-02-03 17:15:32,499 - watchfiles.main - INFO - 1 change detected
2026-02-03 17:15:32,905 - watchfiles.main - INFO - 1 change detected
2026-02-03 17:15:33,310 - watchfiles.main - INFO - 1 change detected
2026-02-03 17:15:33,714 - watchfiles.main - INFO - 1 change detected
2026-02-03 17:15:34,122 - watchfiles.main - INFO - 1 change detected
2026-02-03 17:15:34,526 - watchfiles.main - INFO - 1 change detected
2026-02-03 17:15:34,884 - watchfiles.main - INFO - 1 change detected
2026-02-03 17:15:35,296 - watchfiles.main - INFO - 1 change detected
2026-02-03 17:15:35,698 - watchfiles.main - INFO - 1 change detected
2026-02-03 17:15:36,107 - watchfiles.main - INFO - 1 change detected
2026-02-03 17:15:36,511 - watchfiles.main - INFO - 1 change detected
2026-02-03 17:15:36,871 - watchfiles.main - INFO - 1 change detected
2026-02-03 17:15:37,284 - watchfiles.main - INFO - 1 change detected
2026-02-03 17:15:37,692 - watchfiles.main - INFO - 1 change detected
2026-02-03 17:15:38,051 - watchfiles.main - INFO - 1 change detected
2026-02-03 17:15:38,460 - watchfiles.main - INFO - 1 change detected
2026-02-03 17:15:38,871 - watchfiles.main - INFO - 1 change detected
2026-02-03 17:15:39,279 - watchfiles.main - INFO - 1 change detected
2026-02-03 17:15:39,687 - watchfiles.main - INFO - 1 change detected
2026-02-03 17:15:40,043 - watchfiles.main - INFO - 1 change detected
2026-02-03 17:15:40,457 - watchfiles.main - INFO - 1 change detected
2026-02-03 17:15:40,864 - watchfiles.main - INFO - 1 change detected
2026-02-03 17:15:41,224 - watchfiles.main - INFO - 1 change detected
2026-02-03 17:15:41,632 - watchfiles.main - INFO - 1 change detected
2026-02-03 17:15:42,043 - watchfiles.main - INFO - 1 change detected
2026-02-03 17:15:42,450 - watchfiles.main - INFO - 1 change detected
2026-02-03 17:15:42,857 - watchfiles.main - INFO - 1 change detected
2026-02-03 17:15:43,261 - watchfiles.main - INFO - 1 change detected
2026-02-03 17:15:43,670 - watchfiles.main - INFO - 1 change detected
2026-02-03 17:15:44,078 - watchfiles.main - INFO - 1 change detected
2026-02-03 17:15:44,484 - watchfiles.main - INFO - 1 change detected
2026-02-03 17:15:44,890 - watchfiles.main - INFO - 1 change detected
2026-02-03 17:15:45,296 - watchfiles.main - INFO - 1 change detected
2026-02-03 17:15:45,704 - watchfiles.main - INFO - 1 change detected
2026-02-03 17:15:46,064 - watchfiles.main - INFO - 1 change detected
2026-02-03 17:15:46,480 - watchfiles.main - INFO - 1 change detected
2026-02-03 17:15:46,887 - watchfiles.main - INFO - 1 change detected
2026-02-03 17:15:47,294 - watchfiles.main - INFO - 1 change detected
2026-02-03 17:15:47,698 - watchfiles.main - INFO - 1 change detected
2026-02-03 17:15:48,100 - watchfiles.main - INFO - 1 change detected
2026-02-03 17:15:48,460 - watchfiles.main - INFO - 1 change detected
2026-02-03 17:15:48,824 - watchfiles.main - INFO - 1 change detected
2026-02-03 17:15:49,186 - watchfiles.main - INFO - 1 change detected
2026-02-03 17:15:49,594 - watchfiles.main - INFO - 1 change detected
2026-02-03 17:15:50,050 - watchfiles.main - INFO - 1 change detected
2026-02-03 17:15:50,452 - watchfiles.main - INFO - 1 change detected
2026-02-03 17:15:50,855 - watchfiles.main - INFO - 1 change detected
2026-02-03 17:15:51,260 - watchfiles.main - INFO - 1 change detected
2026-02-03 17:15:51,667 - watchfiles.main - INFO - 1 change detected
2026-02-03 17:15:52,074 - watchfiles.main - INFO - 1 change detected
2026-02-03 17:15:52,477 - watchfiles.main - INFO - 1 change detected
2026-02-03 17:15:52,885 - watchfiles.main - INFO - 1 change detected
2026-02-03 17:15:53,296 - watchfiles.main - INFO - 1 change detected
2026-02-03 17:15:53,698 - watchfiles.main - INFO - 1 change detected
2026-02-03 17:15:54,100 - watchfiles.main - INFO - 1 change detected
2026-02-03 17:15:54,506 - watchfiles.main - INFO - 1 change detected
2026-02-03 17:15:54,911 - watchfiles.main - INFO - 1 change detected
2026-02-03 17:15:55,317 - watchfiles.main - INFO - 1 change detected
2026-02-03 17:15:55,723 - watchfiles.main - INFO - 1 change detected
2026-02-03 17:15:56,131 - watchfiles.main - INFO - 1 change detected
2026-02-03 17:15:56,539 - watchfiles.main - INFO - 1 change detected
2026-02-03 17:15:56,948 - watchfiles.main - INFO - 1 change detected
2026-02-03 17:15:57,353 - watchfiles.main - INFO - 1 change detected
2026-02-03 17:15:57,759 - watchfiles.main - INFO - 1 change detected
2026-02-03 17:15:58,164 - watchfiles.main - INFO - 1 change detected
2026-02-03 17:15:58,572 - watchfiles.main - INFO - 1 change detected
2026-02-03 17:15:58,932 - watchfiles.main - INFO - 1 change detected
2026-02-03 17:15:59,340 - watchfiles.main - INFO - 1 change detected
2026-02-03 17:15:59,751 - watchfiles.main - INFO - 1 change detected
2026-02-03 17:16:00,160 - watchfiles.main - INFO - 1 change detected
2026-02-03 17:16:00,618 - watchfiles.main - INFO - 1 change detected
2026-02-03 17:16:00,985 - watchfiles.main - INFO - 1 change detected
2026-02-03 17:16:01,445 - watchfiles.main - INFO - 1 change detected
2026-02-03 17:16:01,810 - watchfiles.main - INFO - 1 change detected
2026-02-03 17:16:02,221 - watchfiles.main - INFO - 1 change detected
2026-02-03 17:16:02,678 - watchfiles.main - INFO - 1 change detected
2026-02-03 17:16:03,031 - watchfiles.main - INFO - 1 change detected
2026-02-03 17:16:03,440 - watchfiles.main - INFO - 1 change detected
2026-02-03 17:16:03,847 - watchfiles.main - INFO - 1 change detected
2026-02-03 17:16:04,206 - watchfiles.main - INFO - 1 change detected
2026-02-03 17:16:04,614 - watchfiles.main - INFO - 1 change detected
2026-02-03 17:16:05,019 - watchfiles.main - INFO - 1 change detected
2026-02-03 17:16:05,424 - watchfiles.main - INFO - 1 change detected
2026-02-03 17:16:05,828 - watchfiles.main - INFO - 1 change detected
2026-02-03 17:16:06,237 - watchfiles.main - INFO - 1 change detected
2026-02-03 17:16:06,645 - watchfiles.main - INFO - 1 change detected
2026-02-03 17:16:07,055 - watchfiles.main - INFO - 1 change detected
2026-02-03 17:16:07,461 - watchfiles.main - INFO - 1 change detected
2026-02-03 17:16:07,821 - watchfiles.main - INFO - 1 change detected
2026-02-03 17:16:08,232 - watchfiles.main - INFO - 1 change detected
2026-02-03 17:16:08,739 - watchfiles.main - INFO - 1 change detected
2026-02-03 17:16:09,104 - watchfiles.main - INFO - 1 change detected
2026-02-03 17:16:09,514 - watchfiles.main - INFO - 1 change detected
2026-02-03 17:16:09,920 - watchfiles.main - INFO - 1 change detected
2026-02-03 17:16:10,428 - watchfiles.main - INFO - 1 change detected
2026-02-03 17:16:10,792 - watchfiles.main - INFO - 1 change detected
2026-02-03 17:16:11,206 - watchfiles.main - INFO - 1 change detected
2026-02-03 17:16:11,617 - watchfiles.main - INFO - 1 change detected
2026-02-03 17:16:12,024 - watchfiles.main - INFO - 1 change detected
2026-02-03 17:16:12,383 - watchfiles.main - INFO - 1 change detected
2026-02-03 17:16:12,801 - watchfiles.main - INFO - 1 change detected
2026-02-03 17:16:13,210 - watchfiles.main - INFO - 1 change detected
2026-02-03 17:16:13,621 - watchfiles.main - INFO - 1 change detected
2026-02-03 17:16:13,982 - watchfiles.main - INFO - 1 change detected
2026-02-03 17:16:14,390 - watchfiles.main - INFO - 1 change detected
2026-02-03 17:16:14,795 - watchfiles.main - INFO - 1 change detected
2026-02-03 17:16:15,153 - watchfiles.main - INFO - 1 change detected
2026-02-03 17:16:15,517 - watchfiles.main - INFO - 1 change detected
2026-02-03 17:16:15,928 - watchfiles.main - INFO - 1 change detected
2026-02-03 17:16:16,339 - watchfiles.main - INFO - 1 change detected
2026-02-03 17:16:16,746 - watchfiles.main - INFO - 1 change detected
2026-02-03 17:16:17,151 - watchfiles.main - INFO - 1 change detected
2026-02-03 17:16:17,557 - watchfiles.main - INFO - 1 change detected
2026-02-03 17:16:18,014 - watchfiles.main - INFO - 1 change detected
2026-02-03 17:16:18,369 - watchfiles.main - INFO - 1 change detected
2026-02-03 17:16:18,782 - watchfiles.main - INFO - 1 change detected
2026-02-03 17:16:19,191 - watchfiles.main - INFO - 1 change detected
2026-02-03 17:16:19,615 - watchfiles.main - INFO - 1 change detected
2026-02-03 17:16:19,976 - watchfiles.main - INFO - 1 change detected
2026-02-03 17:16:20,388 - watchfiles.main - INFO - 1 change detected
2026-02-03 17:16:20,794 - watchfiles.main - INFO - 1 change detected
2026-02-03 17:16:21,201 - watchfiles.main - INFO - 1 change detected
2026-02-03 17:16:21,603 - watchfiles.main - INFO - 1 change detected
2026-02-03 17:16:22,012 - watchfiles.main - INFO - 1 change detected
2026-02-03 17:16:22,423 - watchfiles.main - INFO - 1 change detected
2026-02-03 17:16:22,830 - watchfiles.main - INFO - 1 change detected
2026-02-03 17:16:23,233 - watchfiles.main - INFO - 1 change detected
2026-02-03 17:16:23,638 - watchfiles.main - INFO - 1 change detected
2026-02-03 17:16:23,998 - watchfiles.main - INFO - 1 change detected
2026-02-03 17:16:24,412 - watchfiles.main - INFO - 1 change detected
2026-02-03 17:16:24,821 - watchfiles.main - INFO - 1 change detected
2026-02-03 17:16:25,231 - watchfiles.main - INFO - 1 change detected
2026-02-03 17:16:25,689 - watchfiles.main - INFO - 1 change detected
2026-02-03 17:16:26,098 - watchfiles.main - INFO - 1 change detected
2026-02-03 17:16:26,465 - watchfiles.main - INFO - 1 change detected
2026-02-03 17:16:26,874 - watchfiles.main - INFO - 1 change detected
2026-02-03 17:16:27,284 - watchfiles.main - INFO - 1 change detected
2026-02-03 17:16:27,844 - watchfiles.main - INFO - 1 change detected
2026-02-03 17:16:28,205 - watchfiles.main - INFO - 1 change detected
2026-02-03 17:16:28,617 - watchfiles.main - INFO - 1 change detected
2026-02-03 17:16:29,025 - watchfiles.main - INFO - 1 change detected
2026-02-03 17:16:29,435 - watchfiles.main - INFO - 1 change detected
2026-02-03 17:16:29,845 - watchfiles.main - INFO - 1 change detected
2026-02-03 17:16:30,201 - watchfiles.main - INFO - 1 change detected
2026-02-03 17:16:30,611 - watchfiles.main - INFO - 1 change detected
2026-02-03 17:16:31,022 - watchfiles.main - INFO - 1 change detected
2026-02-03 17:16:31,431 - watchfiles.main - INFO - 1 change detected
2026-02-03 17:16:31,837 - watchfiles.main - INFO - 1 change detected
2026-02-03 17:16:32,245 - watchfiles.main - INFO - 1 change detected
2026-02-03 17:16:32,662 - watchfiles.main - INFO - 1 change detected
2026-02-03 17:16:33,071 - watchfiles.main - INFO - 1 change detected
2026-02-03 17:16:33,429 - watchfiles.main - INFO - 1 change detected
2026-02-03 17:16:33,839 - watchfiles.main - INFO - 1 change detected
2026-02-03 17:16:34,249 - watchfiles.main - INFO - 1 change detected
2026-02-03 17:16:34,665 - watchfiles.main - INFO - 1 change detected
2026-02-03 17:16:35,072 - watchfiles.main - INFO - 1 change detected
2026-02-03 17:16:35,477 - watchfiles.main - INFO - 1 change detected
2026-02-03 17:16:35,883 - watchfiles.main - INFO - 1 change detected
2026-02-03 17:16:36,239 - watchfiles.main - INFO - 1 change detected
2026-02-03 17:16:36,696 - watchfiles.main - INFO - 1 change detected
2026-02-03 17:16:37,102 - watchfiles.main - INFO - 1 change detected
2026-02-03 17:16:37,509 - watchfiles.main - INFO - 1 change detected
2026-02-03 17:16:37,915 - watchfiles.main - INFO - 1 change detected
2026-02-03 17:16:38,324 - watchfiles.main - INFO - 1 change detected
2026-02-03 17:16:38,734 - watchfiles.main - INFO - 1 change detected
2026-02-03 17:16:39,142 - watchfiles.main - INFO - 1 change detected
2026-02-03 17:16:39,549 - watchfiles.main - INFO - 1 change detected
2026-02-03 17:16:39,909 - watchfiles.main - INFO - 1 change detected
2026-02-03 17:16:40,321 - watchfiles.main - INFO - 1 change detected
2026-02-03 17:16:40,726 - watchfiles.main - INFO - 1 change detected
2026-02-03 17:16:41,137 - watchfiles.main - INFO - 1 change detected
2026-02-03 17:16:41,544 - watchfiles.main - INFO - 1 change detected
2026-02-03 17:16:41,949 - watchfiles.main - INFO - 1 change detected
2026-02-03 17:16:42,356 - watchfiles.main - INFO - 1 change detected
2026-02-03 17:16:42,763 - watchfiles.main - INFO - 1 change detected
2026-02-03 17:16:43,172 - watchfiles.main - INFO - 1 change detected
2026-02-03 17:16:43,528 - watchfiles.main - INFO - 1 change detected
2026-02-03 17:16:43,937 - watchfiles.main - INFO - 1 change detected
2026-02-03 17:16:44,346 - watchfiles.main - INFO - 1 change detected
2026-02-03 17:16:44,754 - watchfiles.main - INFO - 1 change detected
2026-02-03 17:16:45,111 - watchfiles.main - INFO - 1 change detected
2026-02-03 17:16:45,522 - watchfiles.main - INFO - 1 change detected
2026-02-03 17:16:45,930 - watchfiles.main - INFO - 1 change detected
2026-02-03 17:16:46,336 - watchfiles.main - INFO - 1 change detected
2026-02-03 17:16:46,696 - watchfiles.main - INFO - 1 change detected
2026-02-03 17:16:47,108 - watchfiles.main - INFO - 1 change detected
2026-02-03 17:16:47,513 - watchfiles.main - INFO - 1 change detected
2026-02-03 17:16:47,920 - watchfiles.main - INFO - 1 change detected
2026-02-03 17:16:48,329 - watchfiles.main - INFO - 1 change detected
2026-02-03 17:16:48,738 - watchfiles.main - INFO - 1 change detected
2026-02-03 17:16:49,148 - watchfiles.main - INFO - 1 change detected
2026-02-03 17:16:49,554 - watchfiles.main - INFO - 1 change detected
2026-02-03 17:16:49,916 - watchfiles.main - INFO - 1 change detected
2026-02-03 17:16:50,328 - watchfiles.main - INFO - 1 change detected
2026-02-03 17:16:50,739 - watchfiles.main - INFO - 1 change detected
2026-02-03 17:16:51,500 - watchfiles.main - INFO - 1 change detected
2026-02-03 17:16:51,913 - watchfiles.main - INFO - 1 change detected
2026-02-03 17:16:52,320 - watchfiles.main - INFO - 1 change detected
2026-02-03 17:16:52,726 - watchfiles.main - INFO - 1 change detected
2026-02-03 17:16:53,134 - watchfiles.main - INFO - 1 change detected
2026-02-03 17:16:53,488 - watchfiles.main - INFO - 1 change detected
2026-02-03 17:16:53,954 - watchfiles.main - INFO - 1 change detected
2026-02-03 17:16:54,359 - watchfiles.main - INFO - 1 change detected
2026-02-03 17:16:54,767 - watchfiles.main - INFO - 1 change detected
2026-02-03 17:16:55,176 - watchfiles.main - INFO - 1 change detected
2026-02-03 17:16:55,578 - watchfiles.main - INFO - 1 change detected
2026-02-03 17:16:55,939 - watchfiles.main - INFO - 1 change detected
2026-02-03 17:16:56,346 - watchfiles.main - INFO - 1 change detected
2026-02-03 17:16:56,802 - watchfiles.main - INFO - 1 change detected
2026-02-03 17:16:57,206 - watchfiles.main - INFO - 1 change detected
2026-02-03 17:16:57,615 - watchfiles.main - INFO - 1 change detected
2026-02-03 17:16:57,971 - watchfiles.main - INFO - 1 change detected
2026-02-03 17:16:58,330 - watchfiles.main - INFO - 1 change detected
2026-02-03 17:16:58,691 - watchfiles.main - INFO - 1 change detected
2026-02-03 17:16:59,052 - watchfiles.main - INFO - 1 change detected
2026-02-03 17:16:59,414 - watchfiles.main - INFO - 1 change detected
2026-02-03 17:16:59,775 - watchfiles.main - INFO - 1 change detected
2026-02-03 17:17:00,136 - watchfiles.main - INFO - 1 change detected
2026-02-03 17:17:00,497 - watchfiles.main - INFO - 1 change detected
2026-02-03 17:17:00,859 - watchfiles.main - INFO - 1 change detected
2026-02-03 17:17:01,271 - watchfiles.main - INFO - 1 change detected
2026-02-03 17:17:01,681 - watchfiles.main - INFO - 1 change detected
2026-02-03 17:17:02,085 - watchfiles.main - INFO - 1 change detected
2026-02-03 17:17:02,493 - watchfiles.main - INFO - 1 change detected
2026-02-03 17:17:02,904 - watchfiles.main - INFO - 1 change detected
2026-02-03 17:17:03,262 - watchfiles.main - INFO - 1 change detected
2026-02-03 17:17:03,673 - watchfiles.main - INFO - 1 change detected
2026-02-03 17:17:04,085 - watchfiles.main - INFO - 1 change detected
2026-02-03 17:17:04,444 - watchfiles.main - INFO - 1 change detected
2026-02-03 17:17:04,856 - watchfiles.main - INFO - 1 change detected
2026-02-03 17:17:05,263 - watchfiles.main - INFO - 1 change detected
2026-02-03 17:17:05,672 - watchfiles.main - INFO - 1 change detected
2026-02-03 17:17:06,081 - watchfiles.main - INFO - 1 change detected
2026-02-03 17:17:06,489 - watchfiles.main - INFO - 1 change detected
2026-02-03 17:17:06,899 - watchfiles.main - INFO - 1 change detected
2026-02-03 17:17:07,258 - watchfiles.main - INFO - 1 change detected
2026-02-03 17:17:07,670 - watchfiles.main - INFO - 1 change detected
2026-02-03 17:17:08,080 - watchfiles.main - INFO - 1 change detected
2026-02-03 17:17:08,488 - watchfiles.main - INFO - 1 change detected
2026-02-03 17:17:08,899 - watchfiles.main - INFO - 1 change detected
2026-02-03 17:17:09,308 - watchfiles.main - INFO - 1 change detected
2026-02-03 17:17:09,717 - watchfiles.main - INFO - 1 change detected
2026-02-03 17:17:10,123 - watchfiles.main - INFO - 1 change detected
2026-02-03 17:17:10,481 - watchfiles.main - INFO - 1 change detected
2026-02-03 17:17:10,891 - watchfiles.main - INFO - 1 change detected
2026-02-03 17:17:11,301 - watchfiles.main - INFO - 1 change detected
2026-02-03 17:17:11,705 - watchfiles.main - INFO - 1 change detected
2026-02-03 17:17:12,065 - watchfiles.main - INFO - 1 change detected
2026-02-03 17:17:12,474 - watchfiles.main - INFO - 1 change detected
2026-02-03 17:17:12,881 - watchfiles.main - INFO - 1 change detected
2026-02-03 17:17:13,288 - watchfiles.main - INFO - 1 change detected
2026-02-03 17:17:13,698 - watchfiles.main - INFO - 1 change detected
2026-02-03 17:17:14,154 - watchfiles.main - INFO - 1 change detected
2026-02-03 17:17:14,558 - watchfiles.main - INFO - 1 change detected
2026-02-03 17:17:14,916 - watchfiles.main - INFO - 1 change detected
2026-02-03 17:17:15,327 - watchfiles.main - INFO - 1 change detected
2026-02-03 17:17:15,732 - watchfiles.main - INFO - 1 change detected
2026-02-03 17:17:16,142 - watchfiles.main - INFO - 1 change detected
2026-02-03 17:17:16,501 - watchfiles.main - INFO - 1 change detected
2026-02-03 17:17:16,864 - watchfiles.main - INFO - 1 change detected
2026-02-03 17:17:17,223 - watchfiles.main - INFO - 1 change detected
2026-02-03 17:17:17,580 - watchfiles.main - INFO - 1 change detected
2026-02-03 17:17:17,939 - watchfiles.main - INFO - 1 change detected
2026-02-03 17:17:18,297 - watchfiles.main - INFO - 1 change detected
2026-02-03 17:17:18,706 - watchfiles.main - INFO - 1 change detected
2026-02-03 17:17:19,114 - watchfiles.main - INFO - 1 change detected
2026-02-03 17:17:19,526 - watchfiles.main - INFO - 1 change detected
2026-02-03 17:17:19,931 - watchfiles.main - INFO - 1 change detected
2026-02-03 17:17:20,339 - watchfiles.main - INFO - 1 change detected
2026-02-03 17:17:20,743 - watchfiles.main - INFO - 1 change detected
2026-02-03 17:17:21,149 - watchfiles.main - INFO - 1 change detected
2026-02-03 17:17:21,557 - watchfiles.main - INFO - 1 change detected
2026-02-03 17:17:21,962 - watchfiles.main - INFO - 1 change detected
2026-02-03 17:17:22,368 - watchfiles.main - INFO - 1 change detected
2026-02-03 17:17:22,774 - watchfiles.main - INFO - 1 change detected
2026-02-03 17:17:23,131 - watchfiles.main - INFO - 1 change detected
2026-02-03 17:17:23,541 - watchfiles.main - INFO - 1 change detected
2026-02-03 17:17:23,946 - watchfiles.main - INFO - 1 change detected
2026-02-03 17:17:24,354 - watchfiles.main - INFO - 1 change detected
2026-02-03 17:17:24,764 - watchfiles.main - INFO - 1 change detected
2026-02-03 17:17:25,123 - watchfiles.main - INFO - 1 change detected
2026-02-03 17:17:25,536 - watchfiles.main - INFO - 1 change detected
2026-02-03 17:17:25,944 - watchfiles.main - INFO - 1 change detected
2026-02-03 17:17:26,354 - watchfiles.main - INFO - 1 change detected
2026-02-03 17:17:26,761 - watchfiles.main - INFO - 1 change detected
2026-02-03 17:17:27,170 - watchfiles.main - INFO - 1 change detected
2026-02-03 17:17:27,575 - watchfiles.main - INFO - 1 change detected
2026-02-03 17:17:27,983 - watchfiles.main - INFO - 1 change detected
2026-02-03 17:17:28,388 - watchfiles.main - INFO - 1 change detected
2026-02-03 17:17:28,748 - watchfiles.main - INFO - 1 change detected
2026-02-03 17:17:29,161 - watchfiles.main - INFO - 1 change detected
2026-02-03 17:17:29,571 - watchfiles.main - INFO - 1 change detected
2026-02-03 17:17:29,979 - watchfiles.main - INFO - 1 change detected
2026-02-03 17:17:30,338 - watchfiles.main - INFO - 1 change detected
2026-02-03 17:17:30,754 - watchfiles.main - INFO - 1 change detected
2026-02-03 17:17:31,162 - watchfiles.main - INFO - 1 change detected
2026-02-03 17:17:31,572 - watchfiles.main - INFO - 1 change detected
2026-02-03 17:17:31,927 - watchfiles.main - INFO - 1 change detected
2026-02-03 17:17:32,335 - watchfiles.main - INFO - 1 change detected
2026-02-03 17:17:32,743 - watchfiles.main - INFO - 1 change detected
2026-02-03 17:17:33,153 - watchfiles.main - INFO - 1 change detected
2026-02-03 17:17:33,612 - watchfiles.main - INFO - 1 change detected
2026-02-03 17:17:33,977 - watchfiles.main - INFO - 1 change detected
2026-02-03 17:17:34,389 - watchfiles.main - INFO - 1 change detected
2026-02-03 17:17:34,799 - watchfiles.main - INFO - 1 change detected
2026-02-03 17:17:35,204 - watchfiles.main - INFO - 1 change detected
2026-02-03 17:17:35,613 - watchfiles.main - INFO - 1 change detected
2026-02-03 17:17:36,020 - watchfiles.main - INFO - 1 change detected
2026-02-03 17:17:36,377 - watchfiles.main - INFO - 1 change detected
2026-02-03 17:17:36,790 - watchfiles.main - INFO - 1 change detected
2026-02-03 17:17:37,201 - watchfiles.main - INFO - 1 change detected
2026-02-03 17:17:37,609 - watchfiles.main - INFO - 1 change detected
2026-02-03 17:17:38,016 - watchfiles.main - INFO - 1 change detected
2026-02-03 17:17:38,376 - watchfiles.main - INFO - 1 change detected
2026-02-03 17:17:38,788 - watchfiles.main - INFO - 1 change detected
2026-02-03 17:17:39,145 - watchfiles.main - INFO - 1 change detected
2026-02-03 17:17:39,557 - watchfiles.main - INFO - 1 change detected
2026-02-03 17:17:39,967 - watchfiles.main - INFO - 1 change detected
2026-02-03 17:17:40,323 - watchfiles.main - INFO - 1 change detected
2026-02-03 17:17:40,737 - watchfiles.main - INFO - 1 change detected
2026-02-03 17:17:41,143 - watchfiles.main - INFO - 1 change detected
2026-02-03 17:17:41,555 - watchfiles.main - INFO - 1 change detected
2026-02-03 17:17:41,959 - watchfiles.main - INFO - 1 change detected
2026-02-03 17:17:42,365 - watchfiles.main - INFO - 1 change detected
2026-02-03 17:17:42,773 - watchfiles.main - INFO - 1 change detected
2026-02-03 17:17:43,183 - watchfiles.main - INFO - 1 change detected
2026-02-03 17:17:43,542 - watchfiles.main - INFO - 1 change detected
2026-02-03 17:17:43,904 - watchfiles.main - INFO - 1 change detected
2026-02-03 17:17:44,315 - watchfiles.main - INFO - 1 change detected
2026-02-03 17:17:44,721 - watchfiles.main - INFO - 1 change detected
2026-02-03 17:17:45,081 - watchfiles.main - INFO - 1 change detected
2026-02-03 17:17:45,489 - watchfiles.main - INFO - 1 change detected
2026-02-03 17:17:45,899 - watchfiles.main - INFO - 1 change detected
2026-02-03 17:17:46,258 - watchfiles.main - INFO - 1 change detected
2026-02-03 17:17:46,671 - watchfiles.main - INFO - 1 change detected
2026-02-03 17:17:47,080 - watchfiles.main - INFO - 1 change detected
2026-02-03 17:17:47,488 - watchfiles.main - INFO - 1 change detected
2026-02-03 17:17:47,897 - watchfiles.main - INFO - 1 change detected
2026-02-03 17:17:48,304 - watchfiles.main - INFO - 1 change detected
2026-02-03 17:17:48,661 - watchfiles.main - INFO - 1 change detected
2026-02-03 17:17:49,073 - watchfiles.main - INFO - 1 change detected
2026-02-03 17:17:49,482 - watchfiles.main - INFO - 1 change detected
2026-02-03 17:17:49,888 - watchfiles.main - INFO - 1 change detected
2026-02-03 17:17:50,250 - watchfiles.main - INFO - 1 change detected
2026-02-03 17:17:50,663 - watchfiles.main - INFO - 1 change detected
2026-02-03 17:17:51,121 - watchfiles.main - INFO - 1 change detected
2026-02-03 17:17:51,527 - watchfiles.main - INFO - 1 change detected
2026-02-03 17:17:51,933 - watchfiles.main - INFO - 1 change detected
2026-02-03 17:17:52,340 - watchfiles.main - INFO - 1 change detected
2026-02-03 17:17:52,700 - watchfiles.main - INFO - 1 change detected
2026-02-03 17:17:53,115 - watchfiles.main - INFO - 1 change detected
2026-02-03 17:17:53,523 - watchfiles.main - INFO - 1 change detected
2026-02-03 17:17:53,929 - watchfiles.main - INFO - 1 change detected
2026-02-03 17:17:54,335 - watchfiles.main - INFO - 1 change detected
2026-02-03 17:17:54,744 - watchfiles.main - INFO - 1 change detected
2026-02-03 17:17:55,154 - watchfiles.main - INFO - 1 change detected
2026-02-03 17:17:55,562 - watchfiles.main - INFO - 1 change detected
2026-02-03 17:17:55,970 - watchfiles.main - INFO - 1 change detected
2026-02-03 17:17:56,378 - watchfiles.main - INFO - 1 change detected
2026-02-03 17:17:56,784 - watchfiles.main - INFO - 1 change detected
2026-02-03 17:17:57,193 - watchfiles.main - INFO - 1 change detected
2026-02-03 17:17:57,551 - watchfiles.main - INFO - 1 change detected
2026-02-03 17:17:57,962 - watchfiles.main - INFO - 1 change detected
2026-02-03 17:17:58,371 - watchfiles.main - INFO - 1 change detected
2026-02-03 17:17:58,779 - watchfiles.main - INFO - 1 change detected
2026-02-03 17:17:59,187 - watchfiles.main - INFO - 1 change detected
2026-02-03 17:17:59,544 - watchfiles.main - INFO - 1 change detected
2026-02-03 17:17:59,956 - watchfiles.main - INFO - 1 change detected
2026-02-03 17:18:00,366 - watchfiles.main - INFO - 1 change detected
2026-02-03 17:18:00,777 - watchfiles.main - INFO - 1 change detected
2026-02-03 17:18:01,184 - watchfiles.main - INFO - 1 change detected
2026-02-03 17:18:01,591 - watchfiles.main - INFO - 1 change detected
2026-02-03 17:18:01,999 - watchfiles.main - INFO - 1 change detected
2026-02-03 17:18:02,408 - watchfiles.main - INFO - 1 change detected
2026-02-03 17:18:02,818 - watchfiles.main - INFO - 1 change detected
2026-02-03 17:18:03,222 - watchfiles.main - INFO - 1 change detected
2026-02-03 17:18:03,581 - watchfiles.main - INFO - 1 change detected
2026-02-03 17:18:03,993 - watchfiles.main - INFO - 1 change detected
2026-02-03 17:18:04,402 - watchfiles.main - INFO - 1 change detected
2026-02-03 17:18:04,758 - watchfiles.main - INFO - 1 change detected
2026-02-03 17:18:05,171 - watchfiles.main - INFO - 1 change detected
2026-02-03 17:18:05,579 - watchfiles.main - INFO - 1 change detected
2026-02-03 17:18:05,992 - watchfiles.main - INFO - 1 change detected
2026-02-03 17:18:06,406 - watchfiles.main - INFO - 1 change detected
2026-02-03 17:18:06,764 - watchfiles.main - INFO - 1 change detected
2026-02-03 17:18:07,123 - watchfiles.main - INFO - 1 change detected
2026-02-03 17:18:07,534 - watchfiles.main - INFO - 1 change detected
2026-02-03 17:18:07,940 - watchfiles.main - INFO - 1 change detected
2026-02-03 17:18:08,344 - watchfiles.main - INFO - 1 change detected
2026-02-03 17:18:08,751 - watchfiles.main - INFO - 1 change detected
2026-02-03 17:18:09,156 - watchfiles.main - INFO - 1 change detected
2026-02-03 17:18:09,514 - watchfiles.main - INFO - 1 change detected
2026-02-03 17:18:09,926 - watchfiles.main - INFO - 1 change detected
2026-02-03 17:18:10,336 - watchfiles.main - INFO - 1 change detected
2026-02-03 17:18:10,746 - watchfiles.main - INFO - 1 change detected
2026-02-03 17:18:11,154 - watchfiles.main - INFO - 1 change detected
2026-02-03 17:18:11,509 - watchfiles.main - INFO - 1 change detected
2026-02-03 17:18:12,069 - watchfiles.main - INFO - 1 change detected
2026-02-03 17:18:12,483 - watchfiles.main - INFO - 1 change detected
2026-02-03 17:18:12,891 - watchfiles.main - INFO - 1 change detected
2026-02-03 17:18:13,252 - watchfiles.main - INFO - 1 change detected
2026-02-03 17:18:13,665 - watchfiles.main - INFO - 1 change detected
2026-02-03 17:18:14,073 - watchfiles.main - INFO - 1 change detected
2026-02-03 17:18:14,238 - backend.main - INFO - 🛑 Shutting down application...
2026-02-03 17:18:14,244 - backend.utils.db - INFO - Disconnected from MongoDB
2026-02-03 17:18:14,245 - backend.main - INFO - ✅ Application shutdown complete
2026-02-03 17:18:14,480 - watchfiles.main - INFO - 1 change detected
2026-02-03 17:18:14,836 - watchfiles.main - INFO - 1 change detected
2026-02-03 17:18:15,195 - watchfiles.main - INFO - 1 change detected
2026-02-03 17:18:15,608 - watchfiles.main - INFO - 1 change detected
2026-02-03 17:18:16,018 - watchfiles.main - INFO - 1 change detected
2026-02-03 17:18:16,425 - watchfiles.main - INFO - 1 change detected
2026-02-03 17:18:16,835 - watchfiles.main - INFO - 1 change detected
2026-02-03 17:18:17,194 - watchfiles.main - INFO - 1 change detected
2026-02-03 17:18:17,606 - watchfiles.main - INFO - 1 change detected
2026-02-03 17:18:18,017 - watchfiles.main - INFO - 1 change detected
2026-02-03 17:18:18,426 - watchfiles.main - INFO - 1 change detected
2026-02-03 17:18:18,787 - watchfiles.main - INFO - 1 change detected
2026-02-03 17:18:19,196 - watchfiles.main - INFO - 1 change detected
2026-02-03 17:18:19,602 - watchfiles.main - INFO - 1 change detected
2026-02-03 17:18:20,012 - watchfiles.main - INFO - 1 change detected
2026-02-03 17:18:20,370 - watchfiles.main - INFO - 1 change detected
2026-02-03 17:18:20,783 - watchfiles.main - INFO - 1 change detected
2026-02-03 17:18:21,193 - watchfiles.main - INFO - 1 change detected
2026-02-03 17:18:21,606 - watchfiles.main - INFO - 1 change detected
2026-02-03 17:18:22,014 - watchfiles.main - INFO - 1 change detected
2026-02-03 17:18:22,425 - watchfiles.main - INFO - 1 change detected
2026-02-03 17:18:22,833 - watchfiles.main - INFO - 1 change detected
2026-02-03 17:18:23,238 - watchfiles.main - INFO - 1 change detected
2026-02-03 17:18:23,645 - watchfiles.main - INFO - 1 change detected
2026-02-03 17:18:24,005 - watchfiles.main - INFO - 1 change detected
2026-02-03 17:18:24,418 - watchfiles.main - INFO - 1 change detected
2026-02-03 17:18:24,827 - watchfiles.main - INFO - 1 change detected
2026-02-03 17:18:25,186 - watchfiles.main - INFO - 1 change detected
2026-02-03 17:18:25,598 - watchfiles.main - INFO - 1 change detected
2026-02-03 17:18:26,006 - watchfiles.main - INFO - 1 change detected
2026-02-03 17:18:26,417 - watchfiles.main - INFO - 1 change detected
2026-02-03 17:18:26,821 - watchfiles.main - INFO - 1 change detected
2026-02-03 17:18:27,227 - watchfiles.main - INFO - 1 change detected
2026-02-03 17:18:27,634 - watchfiles.main - INFO - 1 change detected
2026-02-03 17:18:28,043 - watchfiles.main - INFO - 1 change detected
2026-02-03 17:18:28,452 - watchfiles.main - INFO - 1 change detected
2026-02-03 17:18:28,859 - watchfiles.main - INFO - 1 change detected
2026-02-03 17:18:29,269 - watchfiles.main - INFO - 1 change detected
2026-02-03 17:18:29,629 - watchfiles.main - INFO - 1 change detected
2026-02-03 17:18:30,040 - watchfiles.main - INFO - 1 change detected
2026-02-03 17:18:30,447 - watchfiles.main - INFO - 1 change detected
2026-02-03 17:18:30,856 - watchfiles.main - INFO - 1 change detected
2026-02-03 17:18:31,265 - watchfiles.main - INFO - 1 change detected
2026-02-03 17:18:31,675 - watchfiles.main - INFO - 1 change detected
2026-02-03 17:18:32,082 - watchfiles.main - INFO - 1 change detected
2026-02-03 17:18:32,439 - watchfiles.main - INFO - 1 change detected
2026-02-03 17:18:32,850 - watchfiles.main - INFO - 1 change detected
2026-02-03 17:18:33,261 - watchfiles.main - INFO - 1 change detected
2026-02-03 17:18:33,670 - watchfiles.main - INFO - 1 change detected
2026-02-03 17:18:34,030 - watchfiles.main - INFO - 1 change detected
2026-02-03 17:18:34,440 - watchfiles.main - INFO - 1 change detected
2026-02-03 17:18:34,851 - watchfiles.main - INFO - 1 change detected
2026-02-03 17:18:35,210 - watchfiles.main - INFO - 1 change detected
2026-02-03 17:18:35,622 - watchfiles.main - INFO - 1 change detected
2026-02-03 17:18:36,036 - watchfiles.main - INFO - 1 change detected
2026-02-03 17:18:36,446 - watchfiles.main - INFO - 1 change detected
2026-02-03 17:18:36,805 - watchfiles.main - INFO - 1 change detected
2026-02-03 17:18:37,216 - watchfiles.main - INFO - 1 change detected
2026-02-03 17:18:37,624 - watchfiles.main - INFO - 1 change detected
2026-02-03 17:18:38,034 - watchfiles.main - INFO - 1 change detected
2026-02-03 17:18:38,396 - watchfiles.main - INFO - 1 change detected
2026-02-03 17:18:38,806 - watchfiles.main - INFO - 1 change detected
2026-02-03 17:18:39,210 - watchfiles.main - INFO - 1 change detected
2026-02-03 17:18:39,618 - watchfiles.main - INFO - 1 change detected
2026-02-03 17:18:40,030 - watchfiles.main - INFO - 1 change detected
2026-02-03 17:18:40,391 - watchfiles.main - INFO - 1 change detected
2026-02-03 17:18:40,807 - watchfiles.main - INFO - 1 change detected
2026-02-03 17:18:41,213 - watchfiles.main - INFO - 1 change detected
2026-02-03 17:18:41,622 - watchfiles.main - INFO - 1 change detected
2026-02-03 17:18:41,982 - watchfiles.main - INFO - 1 change detected
2026-02-03 17:18:42,393 - watchfiles.main - INFO - 1 change detected
2026-02-03 17:18:42,801 - watchfiles.main - INFO - 1 change detected
2026-02-03 17:18:43,208 - watchfiles.main - INFO - 1 change detected
2026-02-03 17:18:43,616 - watchfiles.main - INFO - 1 change detected
2026-02-03 17:18:44,025 - watchfiles.main - INFO - 1 change detected
2026-02-03 17:18:44,380 - watchfiles.main - INFO - 1 change detected
2026-02-03 17:18:44,738 - watchfiles.main - INFO - 1 change detected
2026-02-03 17:18:45,149 - watchfiles.main - INFO - 1 change detected
2026-02-03 17:18:45,556 - watchfiles.main - INFO - 1 change detected
2026-02-03 17:18:45,967 - watchfiles.main - INFO - 1 change detected
2026-02-03 17:18:46,375 - watchfiles.main - INFO - 1 change detected
2026-02-03 17:18:46,781 - watchfiles.main - INFO - 1 change detected
2026-02-03 17:18:47,147 - watchfiles.main - INFO - 1 change detected
2026-02-03 17:18:47,556 - watchfiles.main - INFO - 1 change detected
2026-02-03 17:18:47,967 - watchfiles.main - INFO - 1 change detected
2026-02-03 17:18:48,376 - watchfiles.main - INFO - 1 change detected
2026-02-03 17:18:48,794 - watchfiles.main - INFO - 1 change detected
2026-02-03 17:18:49,197 - watchfiles.main - INFO - 1 change detected
2026-02-03 17:18:49,560 - watchfiles.main - INFO - 1 change detected
2026-02-03 17:18:49,972 - watchfiles.main - INFO - 1 change detected
2026-02-03 17:18:50,385 - watchfiles.main - INFO - 1 change detected
2026-02-03 17:18:50,795 - watchfiles.main - INFO - 1 change detected
2026-02-03 17:18:51,204 - watchfiles.main - INFO - 1 change detected
2026-02-03 17:18:51,613 - watchfiles.main - INFO - 1 change detected
2026-02-03 17:18:52,076 - watchfiles.main - INFO - 1 change detected
2026-02-03 17:18:52,432 - watchfiles.main - INFO - 1 change detected
2026-02-03 17:18:52,842 - watchfiles.main - INFO - 1 change detected
2026-02-03 17:18:53,250 - watchfiles.main - INFO - 1 change detected
2026-02-03 17:18:53,658 - watchfiles.main - INFO - 1 change detected
2026-02-03 17:18:54,063 - watchfiles.main - INFO - 1 change detected
2026-02-03 17:18:54,467 - watchfiles.main - INFO - 1 change detected
2026-02-03 17:18:54,877 - watchfiles.main - INFO - 1 change detected
2026-02-03 17:18:55,238 - watchfiles.main - INFO - 1 change detected
2026-02-03 17:18:55,651 - watchfiles.main - INFO - 1 change detected
2026-02-03 17:18:56,059 - watchfiles.main - INFO - 1 change detected
2026-02-03 17:18:56,468 - watchfiles.main - INFO - 1 change detected
2026-02-03 17:18:56,825 - watchfiles.main - INFO - 1 change detected
2026-02-03 17:18:57,239 - watchfiles.main - INFO - 1 change detected
2026-02-03 17:18:57,643 - watchfiles.main - INFO - 1 change detected
2026-02-03 17:18:58,053 - watchfiles.main - INFO - 1 change detected
2026-02-03 17:18:58,415 - watchfiles.main - INFO - 1 change detected
2026-02-03 17:18:58,824 - watchfiles.main - INFO - 1 change detected
2026-02-03 17:18:59,236 - watchfiles.main - INFO - 1 change detected
2026-02-03 17:18:59,646 - watchfiles.main - INFO - 1 change detected
2026-02-03 17:19:00,006 - watchfiles.main - INFO - 1 change detected
2026-02-03 17:19:00,418 - watchfiles.main - INFO - 1 change detected
2026-02-03 17:19:00,826 - watchfiles.main - INFO - 1 change detected
2026-02-03 17:19:01,232 - watchfiles.main - INFO - 1 change detected
2026-02-03 17:19:01,640 - watchfiles.main - INFO - 1 change detected
2026-02-03 17:19:02,001 - watchfiles.main - INFO - 1 change detected
2026-02-03 17:19:02,413 - watchfiles.main - INFO - 1 change detected
2026-02-03 17:19:02,825 - watchfiles.main - INFO - 1 change detected
2026-02-03 17:19:03,234 - watchfiles.main - INFO - 1 change detected
2026-02-03 17:19:03,591 - watchfiles.main - INFO - 1 change detected
2026-02-03 17:19:03,956 - watchfiles.main - INFO - 1 change detected
2026-02-03 17:19:04,324 - watchfiles.main - INFO - 1 change detected
2026-02-03 17:19:04,731 - watchfiles.main - INFO - 1 change detected
2026-02-03 17:19:05,138 - watchfiles.main - INFO - 1 change detected
2026-02-03 17:19:05,420 - tensorflow - WARNING - From C:\Users\Anany\AppData\Roaming\Python\Python312\site-packages\tf_keras\src\losses.py:2976: The name tf.losses.sparse_softmax_cross_entropy is deprecated. Please use tf.compat.v1.losses.sparse_softmax_cross_entropy instead.

2026-02-03 17:19:05,547 - watchfiles.main - INFO - 1 change detected
2026-02-03 17:19:05,954 - watchfiles.main - INFO - 1 change detected
2026-02-03 17:19:06,360 - watchfiles.main - INFO - 1 change detected
2026-02-03 17:19:06,770 - watchfiles.main - INFO - 1 change detected
2026-02-03 17:19:07,178 - watchfiles.main - INFO - 1 change detected
2026-02-03 17:19:07,341 - sentence_transformers.SentenceTransformer - INFO - Use pytorch device_name: cpu
2026-02-03 17:19:07,343 - sentence_transformers.SentenceTransformer - INFO - Load pretrained SentenceTransformer: all-MiniLM-L6-v2
2026-02-03 17:19:07,539 - watchfiles.main - INFO - 1 change detected
2026-02-03 17:19:07,946 - watchfiles.main - INFO - 1 change detected
2026-02-03 17:19:08,354 - watchfiles.main - INFO - 1 change detected
2026-02-03 17:19:08,757 - watchfiles.main - INFO - 1 change detected
2026-02-03 17:19:09,165 - watchfiles.main - INFO - 1 change detected
2026-02-03 17:19:09,572 - watchfiles.main - INFO - 1 change detected
2026-02-03 17:19:09,981 - watchfiles.main - INFO - 1 change detected
2026-02-03 17:19:10,398 - watchfiles.main - INFO - 1 change detected
2026-02-03 17:19:10,755 - watchfiles.main - INFO - 1 change detected
2026-02-03 17:19:11,118 - watchfiles.main - INFO - 1 change detected
2026-02-03 17:19:11,481 - watchfiles.main - INFO - 1 change detected
2026-02-03 17:19:11,892 - watchfiles.main - INFO - 1 change detected
2026-02-03 17:19:12,301 - watchfiles.main - INFO - 1 change detected
2026-02-03 17:19:12,530 - backend.main - INFO - Starting RAG AI Tutor application...
2026-02-03 17:19:12,531 - root - INFO - Connecting to MongoDB...
2026-02-03 17:19:12,553 - root - INFO - Connected to MongoDB.
2026-02-03 17:19:12,555 - backend.main - INFO - Application startup complete
2026-02-03 17:19:12,707 - watchfiles.main - INFO - 1 change detected
2026-02-03 17:19:13,117 - watchfiles.main - INFO - 1 change detected
2026-02-03 17:19:13,474 - watchfiles.main - INFO - 1 change detected
2026-02-03 17:19:13,886 - watchfiles.main - INFO - 1 change detected
2026-02-03 17:19:14,295 - watchfiles.main - INFO - 1 change detected
2026-02-03 17:19:14,700 - watchfiles.main - INFO - 1 change detected
2026-02-03 17:19:15,111 - watchfiles.main - INFO - 1 change detected
2026-02-03 17:19:15,517 - watchfiles.main - INFO - 1 change detected
2026-02-03 17:19:15,924 - watchfiles.main - INFO - 1 change detected
2026-02-03 17:19:16,327 - watchfiles.main - INFO - 1 change detected
2026-02-03 17:19:16,731 - watchfiles.main - INFO - 1 change detected
2026-02-03 17:19:17,142 - watchfiles.main - INFO - 1 change detected
2026-02-03 17:19:17,548 - watchfiles.main - INFO - 1 change detected
2026-02-03 17:19:17,955 - watchfiles.main - INFO - 1 change detected
2026-02-03 17:19:18,362 - watchfiles.main - INFO - 1 change detected
2026-02-03 17:19:18,767 - watchfiles.main - INFO - 1 change detected
2026-02-03 17:19:19,175 - watchfiles.main - INFO - 1 change detected
2026-02-03 17:19:19,535 - watchfiles.main - INFO - 1 change detected
2026-02-03 17:19:19,947 - watchfiles.main - INFO - 1 change detected
2026-02-03 17:19:20,353 - watchfiles.main - INFO - 1 change detected
2026-02-03 17:19:20,760 - watchfiles.main - INFO - 1 change detected
2026-02-03 17:19:21,169 - watchfiles.main - INFO - 1 change detected
2026-02-03 17:19:21,527 - watchfiles.main - INFO - 1 change detected
2026-02-03 17:19:21,940 - watchfiles.main - INFO - 1 change detected
2026-02-03 17:19:22,348 - watchfiles.main - INFO - 1 change detected
2026-02-03 17:19:22,708 - watchfiles.main - INFO - 1 change detected
2026-02-03 17:19:23,119 - watchfiles.main - INFO - 1 change detected
2026-02-03 17:19:23,526 - watchfiles.main - INFO - 1 change detected
2026-02-03 17:19:23,936 - watchfiles.main - INFO - 1 change detected
2026-02-03 17:19:24,341 - watchfiles.main - INFO - 1 change detected
2026-02-03 17:19:24,749 - watchfiles.main - INFO - 1 change detected
2026-02-03 17:19:25,159 - watchfiles.main - INFO - 1 change detected
2026-02-03 17:19:25,567 - watchfiles.main - INFO - 1 change detected
2026-02-03 17:19:25,974 - watchfiles.main - INFO - 1 change detected
2026-02-03 17:19:26,379 - watchfiles.main - INFO - 1 change detected
2026-02-03 17:19:26,788 - watchfiles.main - INFO - 1 change detected
2026-02-03 17:19:27,195 - watchfiles.main - INFO - 1 change detected
2026-02-03 17:19:27,603 - watchfiles.main - INFO - 1 change detected
2026-02-03 17:19:27,961 - watchfiles.main - INFO - 1 change detected
2026-02-03 17:19:28,368 - watchfiles.main - INFO - 1 change detected
2026-02-03 17:19:28,727 - watchfiles.main - INFO - 1 change detected
2026-02-03 17:19:29,092 - watchfiles.main - INFO - 1 change detected
2026-02-03 17:19:29,503 - watchfiles.main - INFO - 1 change detected
2026-02-03 17:19:29,906 - watchfiles.main - INFO - 1 change detected
2026-02-03 17:19:30,313 - watchfiles.main - INFO - 1 change detected
2026-02-03 17:19:30,720 - watchfiles.main - INFO - 1 change detected
2026-02-03 17:19:31,125 - watchfiles.main - INFO - 1 change detected
2026-02-03 17:19:31,492 - watchfiles.main - INFO - 1 change detected
2026-02-03 17:19:31,904 - watchfiles.main - INFO - 1 change detected
2026-02-03 17:19:32,313 - watchfiles.main - INFO - 1 change detected
2026-02-03 17:19:32,718 - watchfiles.main - INFO - 1 change detected
2026-02-03 17:19:33,123 - watchfiles.main - INFO - 1 change detected
2026-02-03 17:19:33,528 - watchfiles.main - INFO - 1 change detected
2026-02-03 17:19:33,936 - watchfiles.main - INFO - 1 change detected
2026-02-03 17:19:34,342 - watchfiles.main - INFO - 1 change detected
2026-02-03 17:19:34,700 - watchfiles.main - INFO - 1 change detected
2026-02-03 17:19:35,111 - watchfiles.main - INFO - 1 change detected
2026-02-03 17:19:35,519 - watchfiles.main - INFO - 1 change detected
2026-02-03 17:19:35,928 - watchfiles.main - INFO - 1 change detected
2026-02-03 17:19:36,340 - watchfiles.main - INFO - 1 change detected
2026-02-03 17:19:36,745 - watchfiles.main - INFO - 1 change detected
2026-02-03 17:19:37,153 - watchfiles.main - INFO - 1 change detected
2026-02-03 17:19:37,560 - watchfiles.main - INFO - 1 change detected
2026-02-03 17:19:37,969 - watchfiles.main - INFO - 1 change detected
2026-02-03 17:19:38,328 - watchfiles.main - INFO - 1 change detected
2026-02-03 17:19:38,741 - watchfiles.main - INFO - 1 change detected
2026-02-03 17:19:39,148 - watchfiles.main - INFO - 1 change detected
2026-02-03 17:19:39,558 - watchfiles.main - INFO - 1 change detected
2026-02-03 17:19:39,967 - watchfiles.main - INFO - 1 change detected
2026-02-03 17:19:40,375 - watchfiles.main - INFO - 1 change detected
2026-02-03 17:19:40,780 - watchfiles.main - INFO - 1 change detected
2026-02-03 17:19:41,186 - watchfiles.main - INFO - 1 change detected
2026-02-03 17:19:41,545 - watchfiles.main - INFO - 1 change detected
2026-02-03 17:19:41,956 - watchfiles.main - INFO - 1 change detected
2026-02-03 17:19:42,366 - watchfiles.main - INFO - 1 change detected
2026-02-03 17:19:42,773 - watchfiles.main - INFO - 1 change detected
2026-02-03 17:19:43,183 - watchfiles.main - INFO - 1 change detected
2026-02-03 17:19:43,593 - watchfiles.main - INFO - 1 change detected
2026-02-03 17:19:44,001 - watchfiles.main - INFO - 1 change detected
2026-02-03 17:19:44,405 - watchfiles.main - INFO - 1 change detected
2026-02-03 17:19:44,764 - watchfiles.main - INFO - 1 change detected
2026-02-03 17:19:45,172 - watchfiles.main - INFO - 1 change detected
2026-02-03 17:19:45,585 - watchfiles.main - INFO - 1 change detected
2026-02-03 17:19:45,990 - watchfiles.main - INFO - 1 change detected
2026-02-03 17:19:46,398 - watchfiles.main - INFO - 1 change detected
2026-02-03 17:19:46,807 - watchfiles.main - INFO - 1 change detected
2026-02-03 17:19:47,215 - watchfiles.main - INFO - 1 change detected
2026-02-03 17:19:47,575 - watchfiles.main - INFO - 1 change detected
2026-02-03 17:19:47,984 - watchfiles.main - INFO - 1 change detected
2026-02-03 17:19:48,392 - watchfiles.main - INFO - 1 change detected
2026-02-03 17:19:48,796 - watchfiles.main - INFO - 1 change detected
2026-02-03 17:19:49,205 - watchfiles.main - INFO - 1 change detected
2026-02-03 17:19:49,565 - watchfiles.main - INFO - 1 change detected
2026-02-03 17:19:49,977 - watchfiles.main - INFO - 1 change detected
2026-02-03 17:19:50,381 - watchfiles.main - INFO - 1 change detected
2026-02-03 17:19:50,792 - watchfiles.main - INFO - 1 change detected
2026-02-03 17:19:51,200 - watchfiles.main - INFO - 1 change detected
2026-02-03 17:19:51,556 - watchfiles.main - INFO - 1 change detected
2026-02-03 17:19:51,963 - watchfiles.main - INFO - 1 change detected
2026-02-03 17:19:52,370 - watchfiles.main - INFO - 1 change detected
2026-02-03 17:19:52,773 - watchfiles.main - INFO - 1 change detected
2026-02-03 17:19:53,183 - watchfiles.main - INFO - 1 change detected
2026-02-03 17:19:53,591 - watchfiles.main - INFO - 1 change detected
2026-02-03 17:19:53,997 - watchfiles.main - INFO - 1 change detected
2026-02-03 17:19:54,402 - watchfiles.main - INFO - 1 change detected
2026-02-03 17:19:54,810 - watchfiles.main - INFO - 1 change detected
2026-02-03 17:19:55,216 - watchfiles.main - INFO - 1 change detected
2026-02-03 17:19:55,620 - watchfiles.main - INFO - 1 change detected
2026-02-03 17:19:56,026 - watchfiles.main - INFO - 1 change detected
2026-02-03 17:19:56,436 - watchfiles.main - INFO - 1 change detected
2026-02-03 17:19:56,795 - watchfiles.main - INFO - 1 change detected
2026-02-03 17:19:57,207 - watchfiles.main - INFO - 1 change detected
2026-02-03 17:19:57,614 - watchfiles.main - INFO - 1 change detected
2026-02-03 17:19:58,020 - watchfiles.main - INFO - 1 change detected
2026-02-03 17:19:58,429 - watchfiles.main - INFO - 1 change detected
2026-02-03 17:19:58,837 - watchfiles.main - INFO - 1 change detected
2026-02-03 17:19:59,245 - watchfiles.main - INFO - 1 change detected
2026-02-03 17:19:59,653 - watchfiles.main - INFO - 1 change detected
2026-02-03 17:20:00,060 - watchfiles.main - INFO - 1 change detected
2026-02-03 17:20:00,469 - watchfiles.main - INFO - 1 change detected
2026-02-03 17:20:00,872 - watchfiles.main - INFO - 1 change detected
2026-02-03 17:20:01,230 - watchfiles.main - INFO - 1 change detected
2026-02-03 17:20:01,640 - watchfiles.main - INFO - 1 change detected
2026-02-03 17:20:02,046 - watchfiles.main - INFO - 1 change detected
2026-02-03 17:20:02,363 - tensorflow - WARNING - From C:\Users\Anany\AppData\Roaming\Python\Python312\site-packages\tf_keras\src\losses.py:2976: The name tf.losses.sparse_softmax_cross_entropy is deprecated. Please use tf.compat.v1.losses.sparse_softmax_cross_entropy instead.

2026-02-03 17:20:02,454 - watchfiles.main - INFO - 1 change detected
2026-02-03 17:20:02,857 - watchfiles.main - INFO - 1 change detected
2026-02-03 17:20:03,213 - watchfiles.main - INFO - 1 change detected
2026-02-03 17:20:03,624 - watchfiles.main - INFO - 1 change detected
2026-02-03 17:20:03,983 - watchfiles.main - INFO - 1 change detected
2026-02-03 17:20:04,347 - watchfiles.main - INFO - 1 change detected
2026-02-03 17:20:04,375 - sentence_transformers.SentenceTransformer - INFO - Use pytorch device_name: cpu
2026-02-03 17:20:04,376 - sentence_transformers.SentenceTransformer - INFO - Load pretrained SentenceTransformer: all-MiniLM-L6-v2
2026-02-03 17:20:04,709 - watchfiles.main - INFO - 1 change detected
2026-02-03 17:20:05,119 - watchfiles.main - INFO - 1 change detected
2026-02-03 17:20:05,527 - watchfiles.main - INFO - 1 change detected
2026-02-03 17:20:05,934 - watchfiles.main - INFO - 1 change detected
2026-02-03 17:20:06,343 - watchfiles.main - INFO - 1 change detected
2026-02-03 17:20:06,751 - watchfiles.main - INFO - 1 change detected
2026-02-03 17:20:07,161 - watchfiles.main - INFO - 1 change detected
2026-02-03 17:20:07,568 - watchfiles.main - INFO - 1 change detected
2026-02-03 17:20:07,979 - watchfiles.main - INFO - 1 change detected
2026-02-03 17:20:08,383 - watchfiles.main - INFO - 1 change detected
2026-02-03 17:20:08,790 - watchfiles.main - INFO - 1 change detected
2026-02-03 17:20:09,199 - watchfiles.main - INFO - 1 change detected
2026-02-03 17:20:09,607 - watchfiles.main - INFO - 1 change detected
2026-02-03 17:20:09,936 - backend.main - INFO - Starting RAG AI Tutor application...
2026-02-03 17:20:09,937 - root - INFO - Connecting to MongoDB...
2026-02-03 17:20:09,955 - root - INFO - Connected to MongoDB.
2026-02-03 17:20:09,956 - backend.main - INFO - Application startup complete
2026-02-03 17:20:10,014 - watchfiles.main - INFO - 1 change detected
2026-02-03 17:20:10,420 - watchfiles.main - INFO - 1 change detected
2026-02-03 17:20:10,829 - watchfiles.main - INFO - 1 change detected
2026-02-03 17:20:11,238 - watchfiles.main - INFO - 1 change detected
2026-02-03 17:20:11,643 - watchfiles.main - INFO - 1 change detected
2026-02-03 17:20:11,998 - watchfiles.main - INFO - 1 change detected
2026-02-03 17:20:12,412 - watchfiles.main - INFO - 1 change detected
2026-02-03 17:20:12,817 - watchfiles.main - INFO - 1 change detected
2026-02-03 17:20:13,226 - watchfiles.main - INFO - 1 change detected
2026-02-03 17:20:13,631 - watchfiles.main - INFO - 1 change detected
2026-02-03 17:20:14,037 - watchfiles.main - INFO - 1 change detected
2026-02-03 17:20:14,444 - watchfiles.main - INFO - 1 change detected
2026-02-03 17:20:14,847 - watchfiles.main - INFO - 1 change detected
2026-02-03 17:20:15,253 - watchfiles.main - INFO - 1 change detected
2026-02-03 17:20:15,612 - watchfiles.main - INFO - 1 change detected
2026-02-03 17:20:16,024 - watchfiles.main - INFO - 1 change detected
2026-02-03 17:20:16,432 - watchfiles.main - INFO - 1 change detected
2026-02-03 17:20:16,837 - watchfiles.main - INFO - 1 change detected
2026-02-03 17:20:17,243 - watchfiles.main - INFO - 1 change detected
2026-02-03 17:20:17,649 - watchfiles.main - INFO - 1 change detected
2026-02-03 17:20:18,004 - watchfiles.main - INFO - 1 change detected
2026-02-03 17:20:18,416 - watchfiles.main - INFO - 1 change detected
2026-02-03 17:20:18,823 - watchfiles.main - INFO - 1 change detected
2026-02-03 17:20:19,183 - watchfiles.main - INFO - 1 change detected
2026-02-03 17:20:19,596 - watchfiles.main - INFO - 1 change detected
2026-02-03 17:20:19,999 - watchfiles.main - INFO - 1 change detected
2026-02-03 17:20:20,406 - watchfiles.main - INFO - 1 change detected
2026-02-03 17:20:20,813 - watchfiles.main - INFO - 1 change detected
2026-02-03 17:20:21,222 - watchfiles.main - INFO - 1 change detected
2026-02-03 17:20:21,630 - watchfiles.main - INFO - 1 change detected
2026-02-03 17:20:21,988 - watchfiles.main - INFO - 1 change detected
2026-02-03 17:20:22,400 - watchfiles.main - INFO - 1 change detected
2026-02-03 17:20:22,806 - watchfiles.main - INFO - 1 change detected
2026-02-03 17:20:23,211 - watchfiles.main - INFO - 1 change detected
2026-02-03 17:20:23,619 - watchfiles.main - INFO - 1 change detected
2026-02-03 17:20:23,975 - watchfiles.main - INFO - 1 change detected
2026-02-03 17:20:24,385 - watchfiles.main - INFO - 1 change detected
2026-02-03 17:20:24,790 - watchfiles.main - INFO - 1 change detected
2026-02-03 17:20:25,201 - watchfiles.main - INFO - 1 change detected
2026-02-03 17:20:25,611 - watchfiles.main - INFO - 1 change detected
2026-02-03 17:20:26,016 - watchfiles.main - INFO - 1 change detected
2026-02-03 17:20:26,421 - watchfiles.main - INFO - 1 change detected
2026-02-03 17:20:26,827 - watchfiles.main - INFO - 1 change detected
2026-02-03 17:20:27,233 - watchfiles.main - INFO - 1 change detected
2026-02-03 17:20:27,641 - watchfiles.main - INFO - 1 change detected
2026-02-03 17:20:28,045 - watchfiles.main - INFO - 1 change detected
2026-02-03 17:20:28,453 - watchfiles.main - INFO - 1 change detected
2026-02-03 17:20:28,859 - watchfiles.main - INFO - 1 change detected
2026-02-03 17:20:29,265 - watchfiles.main - INFO - 1 change detected
2026-02-03 17:20:29,670 - watchfiles.main - INFO - 1 change detected
2026-02-03 17:20:30,029 - watchfiles.main - INFO - 1 change detected
2026-02-03 17:20:30,487 - watchfiles.main - INFO - 1 change detected
2026-02-03 17:20:30,853 - watchfiles.main - INFO - 1 change detected
2026-02-03 17:20:31,265 - watchfiles.main - INFO - 1 change detected
2026-02-03 17:20:31,671 - watchfiles.main - INFO - 1 change detected
2026-02-03 17:20:32,079 - watchfiles.main - INFO - 1 change detected
2026-02-03 17:20:32,441 - watchfiles.main - INFO - 1 change detected
2026-02-03 17:20:32,851 - watchfiles.main - INFO - 1 change detected
2026-02-03 17:20:33,262 - watchfiles.main - INFO - 1 change detected
2026-02-03 17:20:33,670 - watchfiles.main - INFO - 1 change detected
2026-02-03 17:20:34,085 - watchfiles.main - INFO - 1 change detected
2026-02-03 17:20:34,502 - watchfiles.main - INFO - 1 change detected
2026-02-03 17:20:34,909 - watchfiles.main - INFO - 1 change detected
2026-02-03 17:20:35,264 - watchfiles.main - INFO - 1 change detected
2026-02-03 17:20:35,675 - watchfiles.main - INFO - 1 change detected
2026-02-03 17:20:36,080 - watchfiles.main - INFO - 1 change detected
2026-02-03 17:20:36,438 - watchfiles.main - INFO - 1 change detected
2026-02-03 17:20:36,849 - watchfiles.main - INFO - 1 change detected
2026-02-03 17:20:37,259 - watchfiles.main - INFO - 1 change detected
2026-02-03 17:20:37,665 - watchfiles.main - INFO - 1 change detected
2026-02-03 17:20:38,073 - watchfiles.main - INFO - 1 change detected
2026-02-03 17:20:38,483 - watchfiles.main - INFO - 1 change detected
2026-02-03 17:20:38,902 - watchfiles.main - INFO - 1 change detected
2026-02-03 17:20:39,261 - watchfiles.main - INFO - 1 change detected
2026-02-03 17:20:39,672 - watchfiles.main - INFO - 1 change detected
2026-02-03 17:20:40,080 - watchfiles.main - INFO - 1 change detected
2026-02-03 17:20:40,589 - watchfiles.main - INFO - 1 change detected
2026-02-03 17:20:40,955 - watchfiles.main - INFO - 1 change detected
2026-02-03 17:20:41,328 - passlib.handlers.bcrypt - WARNING - (trapped) error reading bcrypt version
Traceback (most recent call last):
  File "C:\Users\Anany\AppData\Roaming\Python\Python312\site-packages\passlib\handlers\bcrypt.py", line 620, in _load_backend_mixin
    version = _bcrypt.__about__.__version__
              ^^^^^^^^^^^^^^^^^
AttributeError: module 'bcrypt' has no attribute '__about__'
2026-02-03 17:20:41,368 - watchfiles.main - INFO - 1 change detected
2026-02-03 17:20:41,773 - watchfiles.main - INFO - 1 change detected
2026-02-03 17:20:42,131 - watchfiles.main - INFO - 1 change detected
2026-02-03 17:20:42,539 - watchfiles.main - INFO - 1 change detected
2026-02-03 17:20:42,894 - watchfiles.main - INFO - 1 change detected
2026-02-03 17:20:43,310 - watchfiles.main - INFO - 1 change detected
2026-02-03 17:20:43,717 - watchfiles.main - INFO - 1 change detected
2026-02-03 17:20:44,123 - watchfiles.main - INFO - 1 change detected
2026-02-03 17:20:44,535 - watchfiles.main - INFO - 1 change detected
2026-02-03 17:20:44,948 - watchfiles.main - INFO - 1 change detected
2026-02-03 17:20:45,307 - watchfiles.main - INFO - 1 change detected
2026-02-03 17:20:45,719 - watchfiles.main - INFO - 1 change detected
2026-02-03 17:20:46,130 - watchfiles.main - INFO - 1 change detected
2026-02-03 17:20:46,536 - watchfiles.main - INFO - 1 change detected
2026-02-03 17:20:46,944 - watchfiles.main - INFO - 1 change detected
2026-02-03 17:20:47,302 - watchfiles.main - INFO - 1 change detected
2026-02-03 17:20:47,712 - watchfiles.main - INFO - 1 change detected
2026-02-03 17:20:48,115 - watchfiles.main - INFO - 1 change detected
2026-02-03 17:20:48,521 - watchfiles.main - INFO - 1 change detected
2026-02-03 17:20:48,928 - watchfiles.main - INFO - 1 change detected
2026-02-03 17:20:49,334 - watchfiles.main - INFO - 1 change detected
2026-02-03 17:20:49,749 - watchfiles.main - INFO - 1 change detected
2026-02-03 17:20:50,165 - watchfiles.main - INFO - 1 change detected
2026-02-03 17:20:50,592 - watchfiles.main - INFO - 1 change detected
2026-02-03 17:20:50,945 - watchfiles.main - INFO - 1 change detected
2026-02-03 17:20:51,358 - watchfiles.main - INFO - 1 change detected
2026-02-03 17:20:51,765 - watchfiles.main - INFO - 1 change detected
2026-02-03 17:20:52,173 - watchfiles.main - INFO - 1 change detected
2026-02-03 17:20:52,580 - watchfiles.main - INFO - 1 change detected
2026-02-03 17:20:52,984 - watchfiles.main - INFO - 1 change detected
2026-02-03 17:20:53,395 - watchfiles.main - INFO - 1 change detected
2026-02-03 17:20:53,802 - watchfiles.main - INFO - 1 change detected
2026-02-03 17:20:54,204 - watchfiles.main - INFO - 1 change detected
2026-02-03 17:20:54,620 - watchfiles.main - INFO - 1 change detected
2026-02-03 17:20:55,032 - watchfiles.main - INFO - 1 change detected
2026-02-03 17:20:55,436 - watchfiles.main - INFO - 1 change detected
2026-02-03 17:20:55,840 - watchfiles.main - INFO - 1 change detected
2026-02-03 17:20:56,250 - watchfiles.main - INFO - 1 change detected
2026-02-03 17:20:56,607 - watchfiles.main - INFO - 1 change detected
2026-02-03 17:20:57,020 - watchfiles.main - INFO - 1 change detected
2026-02-03 17:20:57,425 - watchfiles.main - INFO - 1 change detected
2026-02-03 17:20:57,833 - watchfiles.main - INFO - 1 change detected
2026-02-03 17:20:58,235 - watchfiles.main - INFO - 1 change detected
2026-02-03 17:20:58,641 - watchfiles.main - INFO - 1 change detected
2026-02-03 17:20:59,049 - watchfiles.main - INFO - 1 change detected
2026-02-03 17:20:59,454 - watchfiles.main - INFO - 1 change detected
2026-02-03 17:20:59,859 - watchfiles.main - INFO - 1 change detected
2026-02-03 17:21:00,270 - watchfiles.main - INFO - 1 change detected
2026-02-03 17:21:00,673 - watchfiles.main - INFO - 1 change detected
2026-02-03 17:21:01,081 - watchfiles.main - INFO - 1 change detected
2026-02-03 17:21:01,486 - watchfiles.main - INFO - 1 change detected
2026-02-03 17:21:01,891 - watchfiles.main - INFO - 1 change detected
2026-02-03 17:21:02,300 - watchfiles.main - INFO - 1 change detected
2026-02-03 17:21:02,721 - watchfiles.main - INFO - 1 change detected
2026-02-03 17:21:03,178 - watchfiles.main - INFO - 1 change detected
2026-02-03 17:21:03,581 - watchfiles.main - INFO - 1 change detected
2026-02-03 17:21:03,943 - watchfiles.main - INFO - 1 change detected
2026-02-03 17:21:04,352 - watchfiles.main - INFO - 1 change detected
2026-02-03 17:21:04,764 - watchfiles.main - INFO - 1 change detected
2026-02-03 17:21:05,168 - watchfiles.main - INFO - 1 change detected
2026-02-03 17:21:05,577 - watchfiles.main - INFO - 1 change detected
2026-02-03 17:21:05,985 - watchfiles.main - INFO - 1 change detected
2026-02-03 17:21:06,388 - watchfiles.main - INFO - 1 change detected
2026-02-03 17:21:06,797 - watchfiles.main - INFO - 1 change detected
2026-02-03 17:21:07,204 - watchfiles.main - INFO - 1 change detected
2026-02-03 17:21:07,613 - watchfiles.main - INFO - 1 change detected
2026-02-03 17:21:08,021 - watchfiles.main - INFO - 1 change detected
2026-02-03 17:21:08,431 - watchfiles.main - INFO - 1 change detected
2026-02-03 17:21:08,842 - watchfiles.main - INFO - 1 change detected
2026-02-03 17:21:09,251 - watchfiles.main - INFO - 1 change detected
2026-02-03 17:21:09,661 - watchfiles.main - INFO - 1 change detected
2026-02-03 17:21:10,022 - watchfiles.main - INFO - 1 change detected
2026-02-03 17:21:10,434 - watchfiles.main - INFO - 1 change detected
2026-02-03 17:21:10,847 - watchfiles.main - INFO - 1 change detected
2026-02-03 17:21:11,211 - watchfiles.main - INFO - 1 change detected
2026-02-03 17:21:11,621 - watchfiles.main - INFO - 1 change detected
2026-02-03 17:21:12,030 - watchfiles.main - INFO - 1 change detected
2026-02-03 17:21:12,437 - watchfiles.main - INFO - 1 change detected
2026-02-03 17:21:12,842 - watchfiles.main - INFO - 1 change detected
2026-02-03 17:21:13,250 - watchfiles.main - INFO - 1 change detected
2026-02-03 17:21:13,656 - watchfiles.main - INFO - 1 change detected
2026-02-03 17:21:14,063 - watchfiles.main - INFO - 1 change detected
2026-02-03 17:21:14,469 - watchfiles.main - INFO - 1 change detected
2026-02-03 17:21:14,878 - watchfiles.main - INFO - 1 change detected
2026-02-03 17:21:15,281 - watchfiles.main - INFO - 1 change detected
2026-02-03 17:21:15,684 - watchfiles.main - INFO - 1 change detected
2026-02-03 17:21:16,095 - watchfiles.main - INFO - 1 change detected
2026-02-03 17:21:16,451 - watchfiles.main - INFO - 1 change detected
2026-02-03 17:21:16,860 - watchfiles.main - INFO - 1 change detected
2026-02-03 17:21:17,269 - watchfiles.main - INFO - 1 change detected
2026-02-03 17:21:17,674 - watchfiles.main - INFO - 1 change detected
2026-02-03 17:21:18,126 - watchfiles.main - INFO - 1 change detected
2026-02-03 17:21:18,532 - watchfiles.main - INFO - 1 change detected
2026-02-03 17:21:18,936 - watchfiles.main - INFO - 1 change detected
2026-02-03 17:21:19,342 - watchfiles.main - INFO - 1 change detected
2026-02-03 17:21:19,747 - watchfiles.main - INFO - 1 change detected
2026-02-03 17:21:20,153 - watchfiles.main - INFO - 1 change detected
2026-02-03 17:21:20,559 - watchfiles.main - INFO - 1 change detected
2026-02-03 17:21:20,962 - watchfiles.main - INFO - 1 change detected
2026-02-03 17:21:21,369 - watchfiles.main - INFO - 1 change detected
2026-02-03 17:21:21,775 - watchfiles.main - INFO - 1 change detected
2026-02-03 17:21:22,183 - watchfiles.main - INFO - 1 change detected
2026-02-03 17:21:22,542 - watchfiles.main - INFO - 1 change detected
2026-02-03 17:21:22,951 - watchfiles.main - INFO - 1 change detected
2026-02-03 17:21:23,407 - watchfiles.main - INFO - 1 change detected
2026-02-03 17:21:23,812 - watchfiles.main - INFO - 1 change detected
2026-02-03 17:21:24,217 - watchfiles.main - INFO - 1 change detected
2026-02-03 17:21:24,624 - watchfiles.main - INFO - 1 change detected
2026-02-03 17:21:25,027 - watchfiles.main - INFO - 1 change detected
2026-02-03 17:21:25,435 - watchfiles.main - INFO - 1 change detected
2026-02-03 17:21:25,840 - watchfiles.main - INFO - 1 change detected
2026-02-03 17:21:26,202 - watchfiles.main - INFO - 1 change detected
2026-02-03 17:21:26,609 - watchfiles.main - INFO - 1 change detected
2026-02-03 17:21:27,020 - watchfiles.main - INFO - 1 change detected
2026-02-03 17:21:27,424 - watchfiles.main - INFO - 1 change detected
2026-02-03 17:21:27,782 - watchfiles.main - INFO - 1 change detected
2026-02-03 17:21:28,242 - watchfiles.main - INFO - 1 change detected
2026-02-03 17:21:28,610 - watchfiles.main - INFO - 1 change detected
2026-02-03 17:21:29,020 - watchfiles.main - INFO - 1 change detected
2026-02-03 17:21:29,423 - watchfiles.main - INFO - 1 change detected
2026-02-03 17:21:29,832 - watchfiles.main - INFO - 1 change detected
2026-02-03 17:21:30,240 - watchfiles.main - INFO - 1 change detected
2026-02-03 17:21:30,649 - watchfiles.main - INFO - 1 change detected
2026-02-03 17:21:31,007 - watchfiles.main - INFO - 1 change detected
2026-02-03 17:21:31,422 - watchfiles.main - INFO - 1 change detected
2026-02-03 17:21:31,833 - watchfiles.main - INFO - 1 change detected
2026-02-03 17:21:32,242 - watchfiles.main - INFO - 1 change detected
2026-02-03 17:21:32,648 - watchfiles.main - INFO - 1 change detected
2026-02-03 17:21:33,056 - watchfiles.main - INFO - 1 change detected
2026-02-03 17:21:33,415 - watchfiles.main - INFO - 1 change detected
2026-02-03 17:21:33,826 - watchfiles.main - INFO - 1 change detected
2026-02-03 17:21:34,233 - watchfiles.main - INFO - 1 change detected
2026-02-03 17:21:34,642 - watchfiles.main - INFO - 1 change detected
2026-02-03 17:21:35,049 - watchfiles.main - INFO - 1 change detected
2026-02-03 17:21:35,414 - watchfiles.main - INFO - 1 change detected
2026-02-03 17:21:35,823 - watchfiles.main - INFO - 1 change detected
2026-02-03 17:21:36,233 - watchfiles.main - INFO - 1 change detected
2026-02-03 17:21:36,639 - watchfiles.main - INFO - 1 change detected
2026-02-03 17:21:37,047 - watchfiles.main - INFO - 1 change detected
2026-02-03 17:21:37,505 - watchfiles.main - INFO - 1 change detected
2026-02-03 17:21:37,912 - watchfiles.main - INFO - 1 change detected
2026-02-03 17:21:38,317 - watchfiles.main - INFO - 1 change detected
2026-02-03 17:21:38,676 - watchfiles.main - INFO - 1 change detected
2026-02-03 17:21:39,092 - watchfiles.main - INFO - 1 change detected
2026-02-03 17:21:39,500 - watchfiles.main - INFO - 1 change detected
2026-02-03 17:21:39,908 - watchfiles.main - INFO - 1 change detected
2026-02-03 17:21:40,364 - watchfiles.main - INFO - 1 change detected
2026-02-03 17:21:40,781 - watchfiles.main - INFO - 1 change detected
2026-02-03 17:21:41,187 - watchfiles.main - INFO - 1 change detected
2026-02-03 17:21:41,591 - watchfiles.main - INFO - 1 change detected
2026-02-03 17:21:41,950 - watchfiles.main - INFO - 1 change detected
2026-02-03 17:21:42,355 - watchfiles.main - INFO - 1 change detected
2026-02-03 17:21:42,764 - watchfiles.main - INFO - 1 change detected
2026-02-03 17:21:43,174 - watchfiles.main - INFO - 1 change detected
2026-02-03 17:21:43,590 - watchfiles.main - INFO - 1 change detected
2026-02-03 17:21:43,994 - watchfiles.main - INFO - 1 change detected
2026-02-03 17:21:44,398 - watchfiles.main - INFO - 1 change detected
2026-02-03 17:21:44,805 - watchfiles.main - INFO - 1 change detected
2026-02-03 17:21:45,214 - watchfiles.main - INFO - 1 change detected
2026-02-03 17:21:45,623 - watchfiles.main - INFO - 1 change detected
2026-02-03 17:21:46,032 - watchfiles.main - INFO - 1 change detected
2026-02-03 17:21:46,438 - watchfiles.main - INFO - 1 change detected
2026-02-03 17:21:46,842 - watchfiles.main - INFO - 1 change detected
2026-02-03 17:21:47,251 - watchfiles.main - INFO - 1 change detected
2026-02-03 17:21:47,661 - watchfiles.main - INFO - 1 change detected
2026-02-03 17:21:48,116 - watchfiles.main - INFO - 1 change detected
2026-02-03 17:21:48,471 - watchfiles.main - INFO - 1 change detected
2026-02-03 17:21:48,882 - watchfiles.main - INFO - 1 change detected
2026-02-03 17:21:49,291 - watchfiles.main - INFO - 1 change detected
2026-02-03 17:21:49,699 - watchfiles.main - INFO - 1 change detected
2026-02-03 17:21:50,156 - watchfiles.main - INFO - 1 change detected
2026-02-03 17:21:50,523 - watchfiles.main - INFO - 1 change detected
2026-02-03 17:21:50,930 - watchfiles.main - INFO - 1 change detected
2026-02-03 17:21:51,337 - watchfiles.main - INFO - 1 change detected
2026-02-03 17:21:51,748 - watchfiles.main - INFO - 1 change detected
2026-02-03 17:21:52,108 - watchfiles.main - INFO - 1 change detected
2026-02-03 17:21:52,524 - watchfiles.main - INFO - 1 change detected
2026-02-03 17:21:52,926 - watchfiles.main - INFO - 1 change detected
2026-02-03 17:21:53,332 - watchfiles.main - INFO - 1 change detected
2026-02-03 17:21:53,741 - watchfiles.main - INFO - 1 change detected
2026-02-03 17:21:54,150 - watchfiles.main - INFO - 1 change detected
2026-02-03 17:21:54,558 - watchfiles.main - INFO - 1 change detected
2026-02-03 17:21:54,914 - watchfiles.main - INFO - 1 change detected
2026-02-03 17:21:55,324 - watchfiles.main - INFO - 1 change detected
2026-02-03 17:21:55,730 - watchfiles.main - INFO - 1 change detected
2026-02-03 17:21:56,137 - watchfiles.main - INFO - 1 change detected
2026-02-03 17:21:56,548 - watchfiles.main - INFO - 1 change detected
2026-02-03 17:21:56,953 - watchfiles.main - INFO - 1 change detected
2026-02-03 17:21:57,361 - watchfiles.main - INFO - 1 change detected
2026-02-03 17:21:57,769 - watchfiles.main - INFO - 1 change detected
2026-02-03 17:21:58,174 - watchfiles.main - INFO - 1 change detected
2026-02-03 17:21:58,586 - watchfiles.main - INFO - 1 change detected
2026-02-03 17:21:58,994 - watchfiles.main - INFO - 1 change detected
2026-02-03 17:21:59,351 - watchfiles.main - INFO - 1 change detected
2026-02-03 17:21:59,763 - watchfiles.main - INFO - 1 change detected
2026-02-03 17:22:00,168 - watchfiles.main - INFO - 1 change detected
2026-02-03 17:22:00,623 - watchfiles.main - INFO - 1 change detected
2026-02-03 17:22:01,026 - watchfiles.main - INFO - 1 change detected
2026-02-03 17:22:01,434 - watchfiles.main - INFO - 1 change detected
2026-02-03 17:22:01,843 - watchfiles.main - INFO - 1 change detected
2026-02-03 17:22:02,248 - watchfiles.main - INFO - 1 change detected
2026-02-03 17:22:02,607 - watchfiles.main - INFO - 1 change detected
2026-02-03 17:22:03,018 - watchfiles.main - INFO - 1 change detected
2026-02-03 17:22:03,425 - watchfiles.main - INFO - 1 change detected
2026-02-03 17:22:03,836 - watchfiles.main - INFO - 1 change detected
2026-02-03 17:22:04,243 - watchfiles.main - INFO - 1 change detected
2026-02-03 17:22:04,651 - watchfiles.main - INFO - 1 change detected
2026-02-03 17:22:05,009 - watchfiles.main - INFO - 1 change detected
2026-02-03 17:22:05,421 - watchfiles.main - INFO - 1 change detected
2026-02-03 17:22:05,830 - watchfiles.main - INFO - 1 change detected
2026-02-03 17:22:06,236 - watchfiles.main - INFO - 1 change detected
2026-02-03 17:22:06,644 - watchfiles.main - INFO - 1 change detected
2026-02-03 17:22:07,048 - watchfiles.main - INFO - 1 change detected
2026-02-03 17:22:07,456 - watchfiles.main - INFO - 1 change detected
2026-02-03 17:22:07,863 - watchfiles.main - INFO - 1 change detected
2026-02-03 17:22:08,267 - watchfiles.main - INFO - 1 change detected
2026-02-03 17:22:08,624 - watchfiles.main - INFO - 1 change detected
2026-02-03 17:22:09,033 - watchfiles.main - INFO - 1 change detected
2026-02-03 17:22:09,444 - watchfiles.main - INFO - 1 change detected
2026-02-03 17:22:09,851 - watchfiles.main - INFO - 1 change detected
2026-02-03 17:22:10,258 - watchfiles.main - INFO - 1 change detected
2026-02-03 17:22:10,666 - watchfiles.main - INFO - 1 change detected
2026-02-03 17:22:11,023 - watchfiles.main - INFO - 1 change detected
2026-02-03 17:22:11,430 - watchfiles.main - INFO - 1 change detected
2026-02-03 17:22:11,836 - watchfiles.main - INFO - 1 change detected
2026-02-03 17:22:12,243 - watchfiles.main - INFO - 1 change detected
2026-02-03 17:22:12,650 - watchfiles.main - INFO - 1 change detected
2026-02-03 17:22:13,057 - watchfiles.main - INFO - 1 change detected
2026-02-03 17:22:13,460 - watchfiles.main - INFO - 1 change detected
2026-02-03 17:22:13,869 - watchfiles.main - INFO - 1 change detected
2026-02-03 17:22:14,276 - watchfiles.main - INFO - 1 change detected
2026-02-03 17:22:14,683 - watchfiles.main - INFO - 1 change detected
2026-02-03 17:22:15,094 - watchfiles.main - INFO - 1 change detected
2026-02-03 17:22:15,454 - watchfiles.main - INFO - 1 change detected
2026-02-03 17:22:15,864 - watchfiles.main - INFO - 1 change detected
2026-02-03 17:22:16,274 - watchfiles.main - INFO - 1 change detected
2026-02-03 17:22:16,683 - watchfiles.main - INFO - 1 change detected
2026-02-03 17:22:17,090 - watchfiles.main - INFO - 1 change detected
2026-02-03 17:22:17,499 - watchfiles.main - INFO - 1 change detected
2026-02-03 17:22:17,904 - watchfiles.main - INFO - 1 change detected
2026-02-03 17:22:18,311 - watchfiles.main - INFO - 1 change detected
2026-02-03 17:22:18,721 - watchfiles.main - INFO - 1 change detected
2026-02-03 17:22:19,129 - watchfiles.main - INFO - 1 change detected
2026-02-03 17:22:19,533 - watchfiles.main - INFO - 1 change detected
2026-02-03 17:22:19,940 - watchfiles.main - INFO - 1 change detected
2026-02-03 17:22:20,347 - watchfiles.main - INFO - 1 change detected
2026-02-03 17:22:20,753 - watchfiles.main - INFO - 1 change detected
2026-02-03 17:22:21,159 - watchfiles.main - INFO - 1 change detected
2026-02-03 17:22:21,562 - watchfiles.main - INFO - 1 change detected
2026-02-03 17:22:21,918 - watchfiles.main - INFO - 1 change detected
2026-02-03 17:22:22,278 - watchfiles.main - INFO - 1 change detected
2026-02-03 17:22:22,638 - watchfiles.main - INFO - 1 change detected
2026-02-03 17:22:22,999 - watchfiles.main - INFO - 1 change detected
2026-02-03 17:22:23,406 - watchfiles.main - INFO - 1 change detected
2026-02-03 17:22:23,815 - watchfiles.main - INFO - 1 change detected
2026-02-03 17:22:24,219 - watchfiles.main - INFO - 1 change detected
2026-02-03 17:22:24,624 - watchfiles.main - INFO - 1 change detected
2026-02-03 17:22:25,031 - watchfiles.main - INFO - 1 change detected
2026-02-03 17:22:25,436 - watchfiles.main - INFO - 1 change detected
2026-02-03 17:22:25,842 - watchfiles.main - INFO - 1 change detected
2026-02-03 17:22:26,249 - watchfiles.main - INFO - 1 change detected
2026-02-03 17:22:26,606 - watchfiles.main - INFO - 1 change detected
2026-02-03 17:22:27,017 - watchfiles.main - INFO - 1 change detected
2026-02-03 17:22:27,423 - watchfiles.main - INFO - 1 change detected
2026-02-03 17:22:27,829 - watchfiles.main - INFO - 1 change detected
2026-02-03 17:22:28,185 - watchfiles.main - INFO - 1 change detected
2026-02-03 17:22:28,543 - watchfiles.main - INFO - 1 change detected
2026-02-03 17:22:28,903 - watchfiles.main - INFO - 1 change detected
2026-02-03 17:22:29,311 - watchfiles.main - INFO - 1 change detected
2026-02-03 17:22:29,671 - watchfiles.main - INFO - 1 change detected
2026-02-03 17:22:30,085 - watchfiles.main - INFO - 1 change detected
2026-02-03 17:22:30,494 - watchfiles.main - INFO - 1 change detected
2026-02-03 17:22:30,853 - watchfiles.main - INFO - 1 change detected
2026-02-03 17:22:31,265 - watchfiles.main - INFO - 1 change detected
2026-02-03 17:22:31,676 - watchfiles.main - INFO - 1 change detected
2026-02-03 17:22:32,083 - watchfiles.main - INFO - 1 change detected
2026-02-03 17:22:32,487 - watchfiles.main - INFO - 1 change detected
2026-02-03 17:22:32,897 - watchfiles.main - INFO - 1 change detected
2026-02-03 17:22:33,304 - watchfiles.main - INFO - 1 change detected
2026-02-03 17:22:33,708 - watchfiles.main - INFO - 1 change detected
2026-02-03 17:22:34,067 - watchfiles.main - INFO - 1 change detected
2026-02-03 17:22:34,477 - watchfiles.main - INFO - 1 change detected
2026-02-03 17:22:34,883 - watchfiles.main - INFO - 1 change detected
2026-02-03 17:22:35,294 - watchfiles.main - INFO - 1 change detected
2026-02-03 17:22:35,702 - watchfiles.main - INFO - 1 change detected
2026-02-03 17:22:36,110 - watchfiles.main - INFO - 1 change detected
2026-02-03 17:22:36,519 - watchfiles.main - INFO - 1 change detected
2026-02-03 17:22:36,927 - watchfiles.main - INFO - 1 change detected
2026-02-03 17:22:37,285 - watchfiles.main - INFO - 1 change detected
2026-02-03 17:22:37,697 - watchfiles.main - INFO - 1 change detected
2026-02-03 17:22:38,154 - watchfiles.main - INFO - 1 change detected
2026-02-03 17:22:38,574 - watchfiles.main - INFO - 1 change detected
2026-02-03 17:22:38,981 - watchfiles.main - INFO - 1 change detected
2026-02-03 17:22:39,386 - watchfiles.main - INFO - 1 change detected
2026-02-03 17:22:39,794 - watchfiles.main - INFO - 1 change detected
2026-02-03 17:22:40,203 - watchfiles.main - INFO - 1 change detected
2026-02-03 17:22:40,607 - watchfiles.main - INFO - 1 change detected
2026-02-03 17:22:41,012 - watchfiles.main - INFO - 1 change detected
2026-02-03 17:22:41,416 - watchfiles.main - INFO - 1 change detected
2026-02-03 17:22:41,845 - watchfiles.main - INFO - 1 change detected
2026-02-03 17:22:42,248 - watchfiles.main - INFO - 1 change detected
2026-02-03 17:22:42,655 - watchfiles.main - INFO - 1 change detected
2026-02-03 17:22:43,063 - watchfiles.main - INFO - 1 change detected
2026-02-03 17:22:43,470 - watchfiles.main - INFO - 1 change detected
2026-02-03 17:22:43,876 - watchfiles.main - INFO - 1 change detected
2026-02-03 17:22:44,283 - watchfiles.main - INFO - 1 change detected
2026-02-03 17:22:44,649 - watchfiles.main - INFO - 1 change detected
2026-02-03 17:22:45,060 - watchfiles.main - INFO - 1 change detected
2026-02-03 17:22:45,478 - watchfiles.main - INFO - 1 change detected
2026-02-03 17:22:45,888 - watchfiles.main - INFO - 1 change detected
2026-02-03 17:22:46,247 - watchfiles.main - INFO - 1 change detected
2026-02-03 17:22:46,655 - watchfiles.main - INFO - 1 change detected
2026-02-03 17:22:47,058 - watchfiles.main - INFO - 1 change detected
2026-02-03 17:22:47,463 - watchfiles.main - INFO - 1 change detected
2026-02-03 17:22:47,873 - watchfiles.main - INFO - 1 change detected
2026-02-03 17:22:48,280 - watchfiles.main - INFO - 1 change detected
2026-02-03 17:22:48,687 - watchfiles.main - INFO - 1 change detected
2026-02-03 17:22:49,092 - watchfiles.main - INFO - 1 change detected
2026-02-03 17:22:49,499 - watchfiles.main - INFO - 1 change detected
2026-02-03 17:22:49,907 - watchfiles.main - INFO - 1 change detected
2026-02-03 17:22:50,314 - watchfiles.main - INFO - 1 change detected
2026-02-03 17:22:50,723 - watchfiles.main - INFO - 1 change detected
2026-02-03 17:22:51,132 - watchfiles.main - INFO - 1 change detected
2026-02-03 17:22:51,490 - watchfiles.main - INFO - 1 change detected
2026-02-03 17:22:51,902 - watchfiles.main - INFO - 1 change detected
2026-02-03 17:22:52,310 - watchfiles.main - INFO - 1 change detected
2026-02-03 17:22:52,718 - watchfiles.main - INFO - 1 change detected
2026-02-03 17:22:53,130 - watchfiles.main - INFO - 1 change detected
2026-02-03 17:22:53,536 - watchfiles.main - INFO - 1 change detected
2026-02-03 17:22:53,943 - watchfiles.main - INFO - 1 change detected
2026-02-03 17:22:54,350 - watchfiles.main - INFO - 1 change detected
2026-02-03 17:22:54,711 - watchfiles.main - INFO - 1 change detected
2026-02-03 17:22:55,120 - watchfiles.main - INFO - 1 change detected
2026-02-03 17:22:55,526 - watchfiles.main - INFO - 1 change detected
2026-02-03 17:22:55,935 - watchfiles.main - INFO - 1 change detected
2026-02-03 17:22:56,343 - watchfiles.main - INFO - 1 change detected
2026-02-03 17:22:56,701 - watchfiles.main - INFO - 1 change detected
2026-02-03 17:22:57,116 - watchfiles.main - INFO - 1 change detected
2026-02-03 17:22:57,526 - watchfiles.main - INFO - 1 change detected
2026-02-03 17:22:57,883 - watchfiles.main - INFO - 1 change detected
2026-02-03 17:22:58,294 - watchfiles.main - INFO - 1 change detected
2026-02-03 17:22:58,707 - watchfiles.main - INFO - 1 change detected
2026-02-03 17:22:59,115 - watchfiles.main - INFO - 1 change detected
2026-02-03 17:22:59,471 - watchfiles.main - INFO - 1 change detected
2026-02-03 17:22:59,833 - watchfiles.main - INFO - 1 change detected
2026-02-03 17:23:00,193 - watchfiles.main - INFO - 1 change detected
2026-02-03 17:23:00,603 - watchfiles.main - INFO - 1 change detected
2026-02-03 17:23:01,016 - watchfiles.main - INFO - 1 change detected
2026-02-03 17:23:01,426 - watchfiles.main - INFO - 1 change detected
2026-02-03 17:23:01,785 - watchfiles.main - INFO - 1 change detected
2026-02-03 17:23:02,199 - watchfiles.main - INFO - 1 change detected
2026-02-03 17:23:02,606 - watchfiles.main - INFO - 1 change detected
2026-02-03 17:23:03,012 - watchfiles.main - INFO - 1 change detected
2026-02-03 17:23:03,422 - watchfiles.main - INFO - 1 change detected
2026-02-03 17:23:03,831 - watchfiles.main - INFO - 1 change detected
2026-02-03 17:23:04,250 - watchfiles.main - INFO - 1 change detected
2026-02-03 17:23:04,612 - watchfiles.main - INFO - 1 change detected
2026-02-03 17:23:05,022 - watchfiles.main - INFO - 1 change detected
2026-02-03 17:23:05,429 - watchfiles.main - INFO - 1 change detected
2026-02-03 17:23:05,835 - watchfiles.main - INFO - 1 change detected
2026-02-03 17:23:06,242 - watchfiles.main - INFO - 1 change detected
2026-02-03 17:23:06,650 - watchfiles.main - INFO - 1 change detected
2026-02-03 17:23:07,057 - watchfiles.main - INFO - 1 change detected
2026-02-03 17:23:07,463 - watchfiles.main - INFO - 1 change detected
2026-02-03 17:23:07,871 - watchfiles.main - INFO - 1 change detected
2026-02-03 17:23:08,232 - watchfiles.main - INFO - 1 change detected
2026-02-03 17:23:08,592 - watchfiles.main - INFO - 1 change detected
2026-02-03 17:23:09,005 - watchfiles.main - INFO - 1 change detected
2026-02-03 17:23:09,411 - watchfiles.main - INFO - 1 change detected
2026-02-03 17:23:09,819 - watchfiles.main - INFO - 1 change detected
2026-02-03 17:23:10,176 - watchfiles.main - INFO - 1 change detected
2026-02-03 17:23:10,586 - watchfiles.main - INFO - 1 change detected
2026-02-03 17:23:10,991 - watchfiles.main - INFO - 1 change detected
2026-02-03 17:23:11,397 - watchfiles.main - INFO - 1 change detected
2026-02-03 17:23:11,803 - watchfiles.main - INFO - 1 change detected
2026-02-03 17:23:12,209 - watchfiles.main - INFO - 1 change detected
2026-02-03 17:23:12,616 - watchfiles.main - INFO - 1 change detected
2026-02-03 17:23:13,025 - watchfiles.main - INFO - 1 change detected
2026-02-03 17:23:13,452 - watchfiles.main - INFO - 1 change detected
2026-02-03 17:23:13,808 - watchfiles.main - INFO - 1 change detected
2026-02-03 17:23:14,219 - watchfiles.main - INFO - 1 change detected
2026-02-03 17:23:14,629 - watchfiles.main - INFO - 1 change detected
2026-02-03 17:23:15,037 - watchfiles.main - INFO - 1 change detected
2026-02-03 17:23:15,445 - watchfiles.main - INFO - 1 change detected
2026-02-03 17:23:15,854 - watchfiles.main - INFO - 1 change detected
2026-02-03 17:23:16,259 - watchfiles.main - INFO - 1 change detected
2026-02-03 17:23:16,669 - watchfiles.main - INFO - 1 change detected
2026-02-03 17:23:17,073 - watchfiles.main - INFO - 1 change detected
2026-02-03 17:23:17,483 - watchfiles.main - INFO - 1 change detected
2026-02-03 17:23:17,888 - watchfiles.main - INFO - 1 change detected
2026-02-03 17:23:18,247 - watchfiles.main - INFO - 1 change detected
2026-02-03 17:23:18,658 - watchfiles.main - INFO - 1 change detected
2026-02-03 17:23:19,066 - watchfiles.main - INFO - 1 change detected
2026-02-03 17:23:19,476 - watchfiles.main - INFO - 1 change detected
2026-02-03 17:23:19,883 - watchfiles.main - INFO - 1 change detected
2026-02-03 17:23:20,285 - watchfiles.main - INFO - 1 change detected
2026-02-03 17:23:20,639 - watchfiles.main - INFO - 1 change detected
2026-02-03 17:23:21,048 - watchfiles.main - INFO - 1 change detected
2026-02-03 17:23:21,459 - watchfiles.main - INFO - 1 change detected
2026-02-03 17:23:21,866 - watchfiles.main - INFO - 1 change detected
2026-02-03 17:23:22,275 - watchfiles.main - INFO - 1 change detected
2026-02-03 17:23:22,683 - watchfiles.main - INFO - 1 change detected
2026-02-03 17:23:23,091 - watchfiles.main - INFO - 1 change detected
2026-02-03 17:23:23,496 - watchfiles.main - INFO - 1 change detected
2026-02-03 17:23:23,902 - watchfiles.main - INFO - 1 change detected
2026-02-03 17:23:24,308 - watchfiles.main - INFO - 1 change detected
2026-02-03 17:23:24,710 - watchfiles.main - INFO - 1 change detected
2026-02-03 17:23:25,068 - watchfiles.main - INFO - 1 change detected
2026-02-03 17:23:25,477 - watchfiles.main - INFO - 1 change detected
2026-02-03 17:23:25,887 - watchfiles.main - INFO - 1 change detected
2026-02-03 17:23:26,289 - watchfiles.main - INFO - 1 change detected
2026-02-03 17:23:26,696 - watchfiles.main - INFO - 1 change detected
2026-02-03 17:23:27,102 - watchfiles.main - INFO - 1 change detected
2026-02-03 17:23:27,460 - watchfiles.main - INFO - 1 change detected
2026-02-03 17:23:27,871 - watchfiles.main - INFO - 1 change detected
2026-02-03 17:23:28,223 - watchfiles.main - INFO - 1 change detected
2026-02-03 17:23:28,632 - watchfiles.main - INFO - 1 change detected
2026-02-03 17:23:29,039 - watchfiles.main - INFO - 1 change detected
2026-02-03 17:23:29,442 - watchfiles.main - INFO - 1 change detected
2026-02-03 17:23:29,850 - watchfiles.main - INFO - 1 change detected
2026-02-03 17:23:30,206 - watchfiles.main - INFO - 1 change detected
2026-02-03 17:23:30,619 - watchfiles.main - INFO - 1 change detected
2026-02-03 17:23:31,025 - watchfiles.main - INFO - 1 change detected
2026-02-03 17:23:31,381 - watchfiles.main - INFO - 1 change detected
2026-02-03 17:23:31,789 - watchfiles.main - INFO - 1 change detected
2026-02-03 17:23:32,199 - watchfiles.main - INFO - 1 change detected
2026-02-03 17:23:32,604 - watchfiles.main - INFO - 1 change detected
2026-02-03 17:23:33,011 - watchfiles.main - INFO - 1 change detected
2026-02-03 17:23:33,419 - watchfiles.main - INFO - 1 change detected
2026-02-03 17:23:33,825 - watchfiles.main - INFO - 1 change detected
2026-02-03 17:23:34,232 - watchfiles.main - INFO - 1 change detected
2026-02-03 17:23:34,639 - watchfiles.main - INFO - 1 change detected
2026-02-03 17:23:35,044 - watchfiles.main - INFO - 1 change detected
2026-02-03 17:23:35,448 - watchfiles.main - INFO - 1 change detected
2026-02-03 17:23:35,853 - watchfiles.main - INFO - 1 change detected
2026-02-03 17:23:36,261 - watchfiles.main - INFO - 1 change detected
2026-02-03 17:23:36,618 - watchfiles.main - INFO - 1 change detected
2026-02-03 17:23:37,030 - watchfiles.main - INFO - 1 change detected
2026-02-03 17:23:37,436 - watchfiles.main - INFO - 1 change detected
2026-02-03 17:23:37,842 - watchfiles.main - INFO - 1 change detected
2026-02-03 17:23:38,247 - watchfiles.main - INFO - 1 change detected
2026-02-03 17:23:38,652 - watchfiles.main - INFO - 1 change detected
2026-02-03 17:23:39,057 - watchfiles.main - INFO - 1 change detected
2026-02-03 17:23:39,466 - watchfiles.main - INFO - 1 change detected
2026-02-03 17:23:39,871 - watchfiles.main - INFO - 1 change detected
2026-02-03 17:23:40,228 - watchfiles.main - INFO - 1 change detected
2026-02-03 17:23:40,637 - watchfiles.main - INFO - 1 change detected
2026-02-03 17:23:41,046 - watchfiles.main - INFO - 1 change detected
2026-02-03 17:23:41,453 - watchfiles.main - INFO - 1 change detected
2026-02-03 17:23:41,859 - watchfiles.main - INFO - 1 change detected
2026-02-03 17:23:42,266 - watchfiles.main - INFO - 1 change detected
2026-02-03 17:23:42,670 - watchfiles.main - INFO - 1 change detected
2026-02-03 17:23:43,075 - watchfiles.main - INFO - 1 change detected
2026-02-03 17:23:43,481 - watchfiles.main - INFO - 1 change detected
2026-02-03 17:23:43,837 - watchfiles.main - INFO - 1 change detected
2026-02-03 17:23:44,246 - watchfiles.main - INFO - 1 change detected
2026-02-03 17:23:44,652 - watchfiles.main - INFO - 1 change detected
2026-02-03 17:23:45,058 - watchfiles.main - INFO - 1 change detected
2026-02-03 17:23:45,467 - watchfiles.main - INFO - 1 change detected
2026-02-03 17:23:45,871 - watchfiles.main - INFO - 1 change detected
2026-02-03 17:23:46,279 - watchfiles.main - INFO - 1 change detected
2026-02-03 17:23:46,686 - watchfiles.main - INFO - 1 change detected
2026-02-03 17:23:47,094 - watchfiles.main - INFO - 1 change detected
2026-02-03 17:23:47,500 - watchfiles.main - INFO - 1 change detected
2026-02-03 17:23:47,906 - watchfiles.main - INFO - 1 change detected
2026-02-03 17:23:48,265 - watchfiles.main - INFO - 1 change detected
2026-02-03 17:23:48,628 - watchfiles.main - INFO - 1 change detected
2026-02-03 17:23:48,988 - watchfiles.main - INFO - 1 change detected
2026-02-03 17:23:49,399 - watchfiles.main - INFO - 1 change detected
2026-02-03 17:23:49,804 - watchfiles.main - INFO - 1 change detected
2026-02-03 17:23:50,208 - watchfiles.main - INFO - 1 change detected
2026-02-03 17:23:50,616 - watchfiles.main - INFO - 1 change detected
2026-02-03 17:23:51,024 - watchfiles.main - INFO - 1 change detected
2026-02-03 17:23:51,430 - watchfiles.main - INFO - 1 change detected
2026-02-03 17:23:51,837 - watchfiles.main - INFO - 1 change detected
2026-02-03 17:23:52,245 - watchfiles.main - INFO - 1 change detected
2026-02-03 17:23:52,649 - watchfiles.main - INFO - 1 change detected
2026-02-03 17:23:53,057 - watchfiles.main - INFO - 1 change detected
2026-02-03 17:23:53,414 - watchfiles.main - INFO - 1 change detected
2026-02-03 17:23:53,775 - watchfiles.main - INFO - 1 change detected
2026-02-03 17:23:54,187 - watchfiles.main - INFO - 1 change detected
2026-02-03 17:23:54,595 - watchfiles.main - INFO - 1 change detected
2026-02-03 17:23:54,950 - watchfiles.main - INFO - 1 change detected
2026-02-03 17:23:55,362 - watchfiles.main - INFO - 1 change detected
2026-02-03 17:23:55,772 - watchfiles.main - INFO - 1 change detected
2026-02-03 17:23:56,184 - watchfiles.main - INFO - 1 change detected
2026-02-03 17:23:56,590 - watchfiles.main - INFO - 1 change detected
2026-02-03 17:23:56,997 - watchfiles.main - INFO - 1 change detected
2026-02-03 17:23:57,404 - watchfiles.main - INFO - 1 change detected
2026-02-03 17:23:57,808 - watchfiles.main - INFO - 1 change detected
2026-02-03 17:23:58,216 - watchfiles.main - INFO - 1 change detected
2026-02-03 17:23:58,623 - watchfiles.main - INFO - 1 change detected
2026-02-03 17:23:59,027 - watchfiles.main - INFO - 1 change detected
2026-02-03 17:23:59,381 - watchfiles.main - INFO - 1 change detected
2026-02-03 17:23:59,742 - watchfiles.main - INFO - 1 change detected
2026-02-03 17:24:00,150 - watchfiles.main - INFO - 1 change detected
2026-02-03 17:24:00,556 - watchfiles.main - INFO - 1 change detected
2026-02-03 17:24:00,964 - watchfiles.main - INFO - 1 change detected
2026-02-03 17:24:01,372 - watchfiles.main - INFO - 1 change detected
2026-02-03 17:24:01,783 - watchfiles.main - INFO - 1 change detected
2026-02-03 17:24:02,140 - watchfiles.main - INFO - 1 change detected
2026-02-03 17:24:02,553 - watchfiles.main - INFO - 1 change detected
2026-02-03 17:24:02,964 - watchfiles.main - INFO - 1 change detected
2026-02-03 17:24:03,372 - watchfiles.main - INFO - 1 change detected
2026-02-03 17:24:03,781 - watchfiles.main - INFO - 1 change detected
2026-02-03 17:24:04,188 - watchfiles.main - INFO - 1 change detected
2026-02-03 17:24:04,547 - watchfiles.main - INFO - 1 change detected
2026-02-03 17:24:04,964 - watchfiles.main - INFO - 1 change detected
2026-02-03 17:24:05,367 - watchfiles.main - INFO - 1 change detected
2026-02-03 17:24:05,774 - watchfiles.main - INFO - 1 change detected
2026-02-03 17:24:06,135 - watchfiles.main - INFO - 1 change detected
2026-02-03 17:24:06,598 - watchfiles.main - INFO - 1 change detected
2026-02-03 17:24:07,003 - watchfiles.main - INFO - 1 change detected
2026-02-03 17:24:07,409 - watchfiles.main - INFO - 1 change detected
2026-02-03 17:24:07,816 - watchfiles.main - INFO - 1 change detected
2026-02-03 17:24:08,225 - watchfiles.main - INFO - 1 change detected
2026-02-03 17:24:08,631 - watchfiles.main - INFO - 1 change detected
2026-02-03 17:24:08,988 - watchfiles.main - INFO - 1 change detected
2026-02-03 17:24:09,399 - watchfiles.main - INFO - 1 change detected
2026-02-03 17:24:09,804 - watchfiles.main - INFO - 1 change detected
2026-02-03 17:24:10,211 - watchfiles.main - INFO - 1 change detected
2026-02-03 17:24:10,618 - watchfiles.main - INFO - 1 change detected
2026-02-03 17:24:11,025 - watchfiles.main - INFO - 1 change detected
2026-02-03 17:24:11,431 - watchfiles.main - INFO - 1 change detected
2026-02-03 17:24:11,840 - watchfiles.main - INFO - 1 change detected
2026-02-03 17:24:12,247 - watchfiles.main - INFO - 1 change detected
2026-02-03 17:24:12,607 - watchfiles.main - INFO - 1 change detected
2026-02-03 17:24:13,015 - watchfiles.main - INFO - 1 change detected
2026-02-03 17:24:13,426 - watchfiles.main - INFO - 1 change detected
2026-02-03 17:24:13,795 - watchfiles.main - INFO - 1 change detected
2026-02-03 17:24:14,207 - watchfiles.main - INFO - 1 change detected
2026-02-03 17:24:14,618 - watchfiles.main - INFO - 1 change detected
2026-02-03 17:24:15,024 - watchfiles.main - INFO - 1 change detected
2026-02-03 17:24:15,384 - watchfiles.main - INFO - 1 change detected
2026-02-03 17:24:15,796 - watchfiles.main - INFO - 1 change detected
2026-02-03 17:24:16,205 - watchfiles.main - INFO - 1 change detected
2026-02-03 17:24:16,561 - watchfiles.main - INFO - 1 change detected
2026-02-03 17:24:16,975 - watchfiles.main - INFO - 1 change detected
2026-02-03 17:24:17,382 - watchfiles.main - INFO - 1 change detected
2026-02-03 17:24:17,789 - watchfiles.main - INFO - 1 change detected
2026-02-03 17:24:18,198 - watchfiles.main - INFO - 1 change detected
2026-02-03 17:24:18,605 - watchfiles.main - INFO - 1 change detected
2026-02-03 17:24:18,959 - watchfiles.main - INFO - 1 change detected
2026-02-03 17:24:19,367 - watchfiles.main - INFO - 1 change detected
2026-02-03 17:24:19,775 - watchfiles.main - INFO - 1 change detected
2026-02-03 17:24:20,179 - watchfiles.main - INFO - 1 change detected
2026-02-03 17:24:20,589 - watchfiles.main - INFO - 1 change detected
2026-02-03 17:24:20,994 - watchfiles.main - INFO - 1 change detected
2026-02-03 17:24:21,453 - watchfiles.main - INFO - 1 change detected
2026-02-03 17:24:21,874 - watchfiles.main - INFO - 1 change detected
2026-02-03 17:24:22,277 - watchfiles.main - INFO - 1 change detected
2026-02-03 17:24:22,681 - watchfiles.main - INFO - 1 change detected
2026-02-03 17:24:23,037 - watchfiles.main - INFO - 1 change detected
2026-02-03 17:24:23,450 - watchfiles.main - INFO - 1 change detected
2026-02-03 17:24:23,859 - watchfiles.main - INFO - 1 change detected
2026-02-03 17:24:24,316 - watchfiles.main - INFO - 1 change detected
2026-02-03 17:24:24,671 - watchfiles.main - INFO - 1 change detected
2026-02-03 17:24:25,084 - watchfiles.main - INFO - 1 change detected
2026-02-03 17:24:25,490 - watchfiles.main - INFO - 1 change detected
2026-02-03 17:24:25,896 - watchfiles.main - INFO - 1 change detected
2026-02-03 17:24:26,309 - watchfiles.main - INFO - 1 change detected
2026-02-03 17:24:26,670 - watchfiles.main - INFO - 1 change detected
2026-02-03 17:24:27,079 - watchfiles.main - INFO - 1 change detected
2026-02-03 17:24:27,542 - watchfiles.main - INFO - 1 change detected
2026-02-03 17:24:27,907 - watchfiles.main - INFO - 1 change detected
2026-02-03 17:24:28,319 - watchfiles.main - INFO - 1 change detected
2026-02-03 17:24:28,726 - watchfiles.main - INFO - 1 change detected
2026-02-03 17:24:29,135 - watchfiles.main - INFO - 1 change detected
2026-02-03 17:24:29,544 - watchfiles.main - INFO - 1 change detected
2026-02-03 17:24:29,951 - watchfiles.main - INFO - 1 change detected
2026-02-03 17:24:30,357 - watchfiles.main - INFO - 1 change detected
2026-02-03 17:24:30,760 - watchfiles.main - INFO - 1 change detected
2026-02-03 17:24:31,167 - watchfiles.main - INFO - 1 change detected
2026-02-03 17:24:31,523 - watchfiles.main - INFO - 1 change detected
2026-02-03 17:24:31,935 - watchfiles.main - INFO - 1 change detected
2026-02-03 17:24:32,339 - watchfiles.main - INFO - 1 change detected
2026-02-03 17:24:32,744 - watchfiles.main - INFO - 1 change detected
2026-02-03 17:24:33,104 - watchfiles.main - INFO - 1 change detected
2026-02-03 17:24:33,517 - watchfiles.main - INFO - 1 change detected
2026-02-03 17:24:33,924 - watchfiles.main - INFO - 1 change detected
2026-02-03 17:24:34,330 - watchfiles.main - INFO - 1 change detected
2026-02-03 17:24:34,736 - watchfiles.main - INFO - 1 change detected
2026-02-03 17:24:35,142 - watchfiles.main - INFO - 1 change detected
2026-02-03 17:24:35,520 - watchfiles.main - INFO - 1 change detected
2026-02-03 17:24:35,983 - watchfiles.main - INFO - 1 change detected
2026-02-03 17:24:36,389 - watchfiles.main - INFO - 1 change detected
2026-02-03 17:24:36,800 - watchfiles.main - INFO - 1 change detected
2026-02-03 17:24:37,208 - watchfiles.main - INFO - 1 change detected
2026-02-03 17:24:37,618 - watchfiles.main - INFO - 1 change detected
2026-02-03 17:24:37,976 - watchfiles.main - INFO - 1 change detected
2026-02-03 17:24:38,387 - watchfiles.main - INFO - 1 change detected
2026-02-03 17:24:38,795 - watchfiles.main - INFO - 1 change detected
2026-02-03 17:24:39,204 - watchfiles.main - INFO - 1 change detected
2026-02-03 17:24:39,614 - watchfiles.main - INFO - 1 change detected
2026-02-03 17:24:39,975 - watchfiles.main - INFO - 1 change detected
2026-02-03 17:24:40,388 - watchfiles.main - INFO - 1 change detected
2026-02-03 17:24:40,792 - watchfiles.main - INFO - 1 change detected
2026-02-03 17:24:41,199 - watchfiles.main - INFO - 1 change detected
2026-02-03 17:24:41,759 - watchfiles.main - INFO - 1 change detected
2026-02-03 17:24:42,173 - watchfiles.main - INFO - 1 change detected
2026-02-03 17:24:42,580 - watchfiles.main - INFO - 1 change detected
2026-02-03 17:24:42,986 - watchfiles.main - INFO - 1 change detected
2026-02-03 17:24:43,395 - watchfiles.main - INFO - 1 change detected
2026-02-03 17:24:43,800 - watchfiles.main - INFO - 1 change detected
2026-02-03 17:24:44,158 - watchfiles.main - INFO - 1 change detected
2026-02-03 17:24:44,571 - watchfiles.main - INFO - 1 change detected
2026-02-03 17:24:44,978 - watchfiles.main - INFO - 1 change detected
2026-02-03 17:24:45,386 - watchfiles.main - INFO - 1 change detected
2026-02-03 17:24:45,792 - watchfiles.main - INFO - 1 change detected
2026-02-03 17:24:46,200 - watchfiles.main - INFO - 1 change detected
2026-02-03 17:24:46,605 - watchfiles.main - INFO - 1 change detected
2026-02-03 17:24:47,014 - watchfiles.main - INFO - 1 change detected
2026-02-03 17:24:47,374 - watchfiles.main - INFO - 1 change detected
2026-02-03 17:24:47,782 - watchfiles.main - INFO - 1 change detected
2026-02-03 17:24:48,141 - watchfiles.main - INFO - 1 change detected
2026-02-03 17:24:48,552 - watchfiles.main - INFO - 1 change detected
2026-02-03 17:24:48,960 - watchfiles.main - INFO - 1 change detected
2026-02-03 17:24:49,366 - watchfiles.main - INFO - 1 change detected
2026-02-03 17:24:49,770 - watchfiles.main - INFO - 1 change detected
2026-02-03 17:24:50,127 - watchfiles.main - INFO - 1 change detected
2026-02-03 17:24:50,536 - watchfiles.main - INFO - 1 change detected
2026-02-03 17:24:50,993 - watchfiles.main - INFO - 1 change detected
2026-02-03 17:24:51,394 - watchfiles.main - INFO - 1 change detected
2026-02-03 17:24:51,803 - watchfiles.main - INFO - 1 change detected
2026-02-03 17:24:52,213 - watchfiles.main - INFO - 1 change detected
2026-02-03 17:24:52,619 - watchfiles.main - INFO - 1 change detected
2026-02-03 17:24:53,024 - watchfiles.main - INFO - 1 change detected
2026-02-03 17:24:53,435 - watchfiles.main - INFO - 1 change detected
2026-02-03 17:24:53,839 - watchfiles.main - INFO - 1 change detected
2026-02-03 17:24:54,195 - watchfiles.main - INFO - 1 change detected
2026-02-03 17:24:54,606 - watchfiles.main - INFO - 1 change detected
2026-02-03 17:24:55,012 - watchfiles.main - INFO - 1 change detected
2026-02-03 17:24:55,417 - watchfiles.main - INFO - 1 change detected
2026-02-03 17:24:55,821 - watchfiles.main - INFO - 1 change detected
2026-02-03 17:24:56,227 - watchfiles.main - INFO - 1 change detected
2026-02-03 17:24:56,634 - watchfiles.main - INFO - 1 change detected
2026-02-03 17:24:57,041 - watchfiles.main - INFO - 1 change detected
2026-02-03 17:24:57,447 - watchfiles.main - INFO - 1 change detected
2026-02-03 17:24:57,851 - watchfiles.main - INFO - 1 change detected
2026-02-03 17:24:58,262 - watchfiles.main - INFO - 1 change detected
2026-02-03 17:24:58,665 - watchfiles.main - INFO - 1 change detected
2026-02-03 17:24:59,073 - watchfiles.main - INFO - 1 change detected
2026-02-03 17:24:59,429 - watchfiles.main - INFO - 1 change detected
2026-02-03 17:24:59,839 - watchfiles.main - INFO - 1 change detected
2026-02-03 17:25:00,249 - watchfiles.main - INFO - 1 change detected
2026-02-03 17:25:00,607 - watchfiles.main - INFO - 1 change detected
2026-02-03 17:25:01,018 - watchfiles.main - INFO - 1 change detected
2026-02-03 17:25:01,428 - watchfiles.main - INFO - 1 change detected
2026-02-03 17:25:01,835 - watchfiles.main - INFO - 1 change detected
2026-02-03 17:25:02,244 - watchfiles.main - INFO - 1 change detected
2026-02-03 17:25:02,652 - watchfiles.main - INFO - 1 change detected
2026-02-03 17:25:03,010 - watchfiles.main - INFO - 1 change detected
2026-02-03 17:25:03,422 - watchfiles.main - INFO - 1 change detected
2026-02-03 17:25:03,832 - watchfiles.main - INFO - 1 change detected
2026-02-03 17:25:04,191 - watchfiles.main - INFO - 1 change detected
2026-02-03 17:25:04,602 - watchfiles.main - INFO - 1 change detected
2026-02-03 17:25:05,009 - watchfiles.main - INFO - 1 change detected
2026-02-03 17:25:05,417 - watchfiles.main - INFO - 1 change detected
2026-02-03 17:25:05,824 - watchfiles.main - INFO - 1 change detected
2026-02-03 17:25:06,231 - watchfiles.main - INFO - 1 change detected
2026-02-03 17:25:06,637 - watchfiles.main - INFO - 1 change detected
2026-02-03 17:25:07,046 - watchfiles.main - INFO - 1 change detected
2026-02-03 17:25:07,453 - watchfiles.main - INFO - 1 change detected
2026-02-03 17:25:07,858 - watchfiles.main - INFO - 1 change detected
2026-02-03 17:25:08,268 - watchfiles.main - INFO - 1 change detected
2026-02-03 17:25:08,676 - watchfiles.main - INFO - 1 change detected
2026-02-03 17:25:09,080 - watchfiles.main - INFO - 1 change detected
2026-02-03 17:25:09,484 - watchfiles.main - INFO - 1 change detected
2026-02-03 17:25:09,889 - watchfiles.main - INFO - 1 change detected
2026-02-03 17:25:10,297 - watchfiles.main - INFO - 1 change detected
2026-02-03 17:25:10,702 - watchfiles.main - INFO - 1 change detected
2026-02-03 17:25:11,107 - watchfiles.main - INFO - 1 change detected
2026-02-03 17:25:11,513 - watchfiles.main - INFO - 1 change detected
2026-02-03 17:25:11,917 - watchfiles.main - INFO - 1 change detected
2026-02-03 17:25:12,325 - watchfiles.main - INFO - 1 change detected
2026-02-03 17:25:12,731 - watchfiles.main - INFO - 1 change detected
2026-02-03 17:25:13,088 - watchfiles.main - INFO - 1 change detected
2026-02-03 17:25:13,501 - watchfiles.main - INFO - 1 change detected
2026-02-03 17:25:13,906 - watchfiles.main - INFO - 1 change detected
2026-02-03 17:25:14,316 - watchfiles.main - INFO - 1 change detected
2026-02-03 17:25:14,674 - watchfiles.main - INFO - 1 change detected
2026-02-03 17:25:15,086 - watchfiles.main - INFO - 1 change detected
2026-02-03 17:25:15,495 - watchfiles.main - INFO - 1 change detected
2026-02-03 17:25:15,905 - watchfiles.main - INFO - 1 change detected
2026-02-03 17:25:16,309 - watchfiles.main - INFO - 1 change detected
2026-02-03 17:25:16,714 - watchfiles.main - INFO - 1 change detected
2026-02-03 17:25:17,071 - watchfiles.main - INFO - 1 change detected
2026-02-03 17:25:17,484 - watchfiles.main - INFO - 1 change detected
2026-02-03 17:25:17,890 - watchfiles.main - INFO - 1 change detected
2026-02-03 17:25:18,296 - watchfiles.main - INFO - 1 change detected
2026-02-03 17:25:18,703 - watchfiles.main - INFO - 1 change detected
2026-02-03 17:25:19,107 - watchfiles.main - INFO - 1 change detected
2026-02-03 17:25:19,513 - watchfiles.main - INFO - 1 change detected
2026-02-03 17:25:19,920 - watchfiles.main - INFO - 1 change detected
2026-02-03 17:25:20,325 - watchfiles.main - INFO - 1 change detected
2026-02-03 17:25:20,732 - watchfiles.main - INFO - 1 change detected
2026-02-03 17:25:21,137 - watchfiles.main - INFO - 1 change detected
2026-02-03 17:25:21,543 - watchfiles.main - INFO - 1 change detected
2026-02-03 17:25:21,899 - watchfiles.main - INFO - 1 change detected
2026-02-03 17:25:22,261 - watchfiles.main - INFO - 1 change detected
2026-02-03 17:25:22,625 - watchfiles.main - INFO - 1 change detected
2026-02-03 17:25:23,037 - watchfiles.main - INFO - 1 change detected
2026-02-03 17:25:23,445 - watchfiles.main - INFO - 1 change detected
2026-02-03 17:25:23,854 - watchfiles.main - INFO - 1 change detected
2026-02-03 17:25:24,260 - watchfiles.main - INFO - 1 change detected
2026-02-03 17:25:24,668 - watchfiles.main - INFO - 1 change detected
2026-02-03 17:25:25,072 - watchfiles.main - INFO - 1 change detected
2026-02-03 17:25:25,480 - watchfiles.main - INFO - 1 change detected
2026-02-03 17:25:25,889 - watchfiles.main - INFO - 1 change detected
2026-02-03 17:25:26,294 - watchfiles.main - INFO - 1 change detected
2026-02-03 17:25:26,749 - watchfiles.main - INFO - 1 change detected
2026-02-03 17:25:27,154 - watchfiles.main - INFO - 1 change detected
2026-02-03 17:25:27,510 - watchfiles.main - INFO - 1 change detected
2026-02-03 17:25:27,923 - watchfiles.main - INFO - 1 change detected
2026-02-03 17:25:28,332 - watchfiles.main - INFO - 1 change detected
2026-02-03 17:25:28,738 - watchfiles.main - INFO - 1 change detected
2026-02-03 17:25:29,099 - watchfiles.main - INFO - 1 change detected
2026-02-03 17:25:29,514 - watchfiles.main - INFO - 1 change detected
2026-02-03 17:25:29,973 - watchfiles.main - INFO - 1 change detected
2026-02-03 17:25:30,329 - watchfiles.main - INFO - 1 change detected
2026-02-03 17:25:30,743 - watchfiles.main - INFO - 1 change detected
2026-02-03 17:25:31,101 - watchfiles.main - INFO - 1 change detected
2026-02-03 17:25:31,510 - watchfiles.main - INFO - 1 change detected
2026-02-03 17:25:31,914 - watchfiles.main - INFO - 1 change detected
2026-02-03 17:25:32,324 - watchfiles.main - INFO - 1 change detected
2026-02-03 17:25:32,727 - watchfiles.main - INFO - 1 change detected
2026-02-03 17:25:33,136 - watchfiles.main - INFO - 1 change detected
2026-02-03 17:25:33,542 - watchfiles.main - INFO - 1 change detected
2026-02-03 17:25:33,948 - watchfiles.main - INFO - 1 change detected
2026-02-03 17:25:34,358 - watchfiles.main - INFO - 1 change detected
2026-02-03 17:25:34,718 - watchfiles.main - INFO - 1 change detected
2026-02-03 17:25:35,126 - watchfiles.main - INFO - 1 change detected
2026-02-03 17:25:35,584 - watchfiles.main - INFO - 1 change detected
2026-02-03 17:25:35,948 - watchfiles.main - INFO - 1 change detected
2026-02-03 17:25:36,361 - watchfiles.main - INFO - 1 change detected
2026-02-03 17:25:36,719 - watchfiles.main - INFO - 1 change detected
2026-02-03 17:25:37,078 - watchfiles.main - INFO - 1 change detected
2026-02-03 17:25:37,491 - watchfiles.main - INFO - 1 change detected
2026-02-03 17:25:37,897 - watchfiles.main - INFO - 1 change detected
2026-02-03 17:25:38,302 - watchfiles.main - INFO - 1 change detected
2026-02-03 17:25:38,659 - watchfiles.main - INFO - 1 change detected
2026-02-03 17:25:39,068 - watchfiles.main - INFO - 1 change detected
2026-02-03 17:25:39,525 - watchfiles.main - INFO - 1 change detected
2026-02-03 17:25:39,942 - watchfiles.main - INFO - 1 change detected
2026-02-03 17:25:40,298 - watchfiles.main - INFO - 1 change detected
2026-02-03 17:25:40,709 - watchfiles.main - INFO - 1 change detected
2026-02-03 17:25:41,117 - watchfiles.main - INFO - 1 change detected
2026-02-03 17:25:41,523 - watchfiles.main - INFO - 1 change detected
2026-02-03 17:25:41,929 - watchfiles.main - INFO - 1 change detected
2026-02-03 17:25:42,336 - watchfiles.main - INFO - 1 change detected
2026-02-03 17:25:42,690 - watchfiles.main - INFO - 1 change detected
2026-02-03 17:25:43,102 - watchfiles.main - INFO - 1 change detected
2026-02-03 17:25:43,511 - watchfiles.main - INFO - 1 change detected
2026-02-03 17:25:43,919 - watchfiles.main - INFO - 1 change detected
2026-02-03 17:25:44,329 - watchfiles.main - INFO - 1 change detected
2026-02-03 17:25:44,688 - watchfiles.main - INFO - 1 change detected
2026-02-03 17:25:45,050 - watchfiles.main - INFO - 1 change detected
2026-02-03 17:25:45,413 - watchfiles.main - INFO - 1 change detected
2026-02-03 17:25:45,776 - watchfiles.main - INFO - 1 change detected
2026-02-03 17:25:46,137 - watchfiles.main - INFO - 1 change detected
2026-02-03 17:25:46,499 - watchfiles.main - INFO - 1 change detected
2026-02-03 17:25:46,909 - watchfiles.main - INFO - 1 change detected
2026-02-03 17:25:47,314 - watchfiles.main - INFO - 1 change detected
2026-02-03 17:25:47,717 - watchfiles.main - INFO - 1 change detected
2026-02-03 17:25:48,075 - watchfiles.main - INFO - 1 change detected
2026-02-03 17:25:48,488 - watchfiles.main - INFO - 1 change detected
2026-02-03 17:25:48,898 - watchfiles.main - INFO - 1 change detected
2026-02-03 17:25:49,307 - watchfiles.main - INFO - 1 change detected
2026-02-03 17:25:49,661 - watchfiles.main - INFO - 1 change detected
2026-02-03 17:25:50,121 - watchfiles.main - INFO - 1 change detected
2026-02-03 17:25:50,524 - watchfiles.main - INFO - 1 change detected
2026-02-03 17:25:50,932 - watchfiles.main - INFO - 1 change detected
2026-02-03 17:25:51,290 - watchfiles.main - INFO - 1 change detected
2026-02-03 17:25:51,701 - watchfiles.main - INFO - 1 change detected
2026-02-03 17:25:52,106 - watchfiles.main - INFO - 1 change detected
2026-02-03 17:25:52,514 - watchfiles.main - INFO - 1 change detected
2026-02-03 17:25:52,924 - watchfiles.main - INFO - 1 change detected
2026-02-03 17:25:53,384 - watchfiles.main - INFO - 1 change detected
2026-02-03 17:25:53,800 - watchfiles.main - INFO - 1 change detected
2026-02-03 17:25:54,258 - watchfiles.main - INFO - 1 change detected
2026-02-03 17:25:54,664 - watchfiles.main - INFO - 1 change detected
2026-02-03 17:25:55,025 - watchfiles.main - INFO - 1 change detected
2026-02-03 17:25:55,435 - watchfiles.main - INFO - 1 change detected
2026-02-03 17:25:55,845 - watchfiles.main - INFO - 1 change detected
2026-02-03 17:25:56,252 - watchfiles.main - INFO - 1 change detected
2026-02-03 17:25:56,610 - watchfiles.main - INFO - 1 change detected
2026-02-03 17:25:57,019 - watchfiles.main - INFO - 1 change detected
2026-02-03 17:25:57,422 - watchfiles.main - INFO - 1 change detected
2026-02-03 17:25:57,827 - watchfiles.main - INFO - 1 change detected
2026-02-03 17:25:58,234 - watchfiles.main - INFO - 1 change detected
2026-02-03 17:25:58,641 - watchfiles.main - INFO - 1 change detected
2026-02-03 17:25:59,046 - watchfiles.main - INFO - 1 change detected
2026-02-03 17:25:59,450 - watchfiles.main - INFO - 1 change detected
2026-02-03 17:25:59,857 - watchfiles.main - INFO - 1 change detected
2026-02-03 17:26:00,266 - watchfiles.main - INFO - 1 change detected
2026-02-03 17:26:00,619 - watchfiles.main - INFO - 1 change detected
2026-02-03 17:26:01,031 - watchfiles.main - INFO - 1 change detected
2026-02-03 17:26:01,436 - watchfiles.main - INFO - 1 change detected
2026-02-03 17:26:01,841 - watchfiles.main - INFO - 1 change detected
2026-02-03 17:26:02,298 - watchfiles.main - INFO - 2 changes detected
2026-02-03 17:26:02,663 - watchfiles.main - INFO - 1 change detected
2026-02-03 17:26:03,076 - watchfiles.main - INFO - 1 change detected
2026-02-03 17:26:03,484 - watchfiles.main - INFO - 1 change detected
2026-02-03 17:26:03,845 - watchfiles.main - INFO - 1 change detected
2026-02-03 17:26:04,257 - watchfiles.main - INFO - 1 change detected
2026-02-03 17:26:04,667 - watchfiles.main - INFO - 1 change detected
2026-02-03 17:26:05,026 - watchfiles.main - INFO - 1 change detected
2026-02-03 17:26:05,436 - watchfiles.main - INFO - 1 change detected
2026-02-03 17:26:05,845 - watchfiles.main - INFO - 1 change detected
2026-02-03 17:26:06,254 - watchfiles.main - INFO - 1 change detected
2026-02-03 17:26:06,660 - watchfiles.main - INFO - 1 change detected
2026-02-03 17:26:07,064 - watchfiles.main - INFO - 1 change detected
2026-02-03 17:26:07,473 - watchfiles.main - INFO - 1 change detected
2026-02-03 17:26:07,830 - watchfiles.main - INFO - 1 change detected
2026-02-03 17:26:08,243 - watchfiles.main - INFO - 1 change detected
2026-02-03 17:26:08,651 - watchfiles.main - INFO - 1 change detected
2026-02-03 17:26:09,059 - watchfiles.main - INFO - 1 change detected
2026-02-03 17:26:09,467 - watchfiles.main - INFO - 1 change detected
2026-02-03 17:26:09,873 - watchfiles.main - INFO - 1 change detected
2026-02-03 17:26:10,281 - watchfiles.main - INFO - 1 change detected
2026-02-03 17:26:10,650 - watchfiles.main - INFO - 1 change detected
2026-02-03 17:26:11,059 - watchfiles.main - INFO - 1 change detected
2026-02-03 17:26:11,467 - watchfiles.main - INFO - 1 change detected
2026-02-03 17:26:11,869 - watchfiles.main - INFO - 1 change detected
2026-02-03 17:26:12,277 - watchfiles.main - INFO - 1 change detected
2026-02-03 17:26:12,683 - watchfiles.main - INFO - 1 change detected
2026-02-03 17:26:13,092 - watchfiles.main - INFO - 1 change detected
2026-02-03 17:26:13,501 - watchfiles.main - INFO - 1 change detected
2026-02-03 17:26:13,905 - watchfiles.main - INFO - 1 change detected
2026-02-03 17:26:14,263 - watchfiles.main - INFO - 1 change detected
2026-02-03 17:26:14,677 - watchfiles.main - INFO - 1 change detected
2026-02-03 17:26:15,088 - watchfiles.main - INFO - 1 change detected
2026-02-03 17:26:15,498 - watchfiles.main - INFO - 1 change detected
2026-02-03 17:26:15,905 - watchfiles.main - INFO - 1 change detected
2026-02-03 17:26:16,312 - watchfiles.main - INFO - 1 change detected
2026-02-03 17:26:16,720 - watchfiles.main - INFO - 1 change detected
2026-02-03 17:26:17,130 - watchfiles.main - INFO - 1 change detected
2026-02-03 17:26:17,541 - watchfiles.main - INFO - 1 change detected
2026-02-03 17:26:17,949 - watchfiles.main - INFO - 1 change detected
2026-02-03 17:26:18,306 - watchfiles.main - INFO - 1 change detected
2026-02-03 17:26:18,721 - watchfiles.main - INFO - 1 change detected
2026-02-03 17:26:19,127 - watchfiles.main - INFO - 1 change detected
2026-02-03 17:26:19,538 - watchfiles.main - INFO - 1 change detected
2026-02-03 17:26:19,942 - watchfiles.main - INFO - 1 change detected
2026-02-03 17:26:20,300 - watchfiles.main - INFO - 1 change detected
2026-02-03 17:26:20,712 - watchfiles.main - INFO - 1 change detected
2026-02-03 17:26:21,120 - watchfiles.main - INFO - 1 change detected
2026-02-03 17:26:21,529 - watchfiles.main - INFO - 1 change detected
2026-02-03 17:26:21,937 - watchfiles.main - INFO - 1 change detected
2026-02-03 17:26:22,295 - watchfiles.main - INFO - 1 change detected
2026-02-03 17:26:22,707 - watchfiles.main - INFO - 1 change detected
2026-02-03 17:26:23,115 - watchfiles.main - INFO - 1 change detected
2026-02-03 17:26:23,525 - watchfiles.main - INFO - 1 change detected
2026-02-03 17:26:23,941 - watchfiles.main - INFO - 1 change detected
2026-02-03 17:26:24,348 - watchfiles.main - INFO - 1 change detected
2026-02-03 17:26:24,754 - watchfiles.main - INFO - 1 change detected
2026-02-03 17:26:25,113 - watchfiles.main - INFO - 1 change detected
2026-02-03 17:26:25,525 - watchfiles.main - INFO - 1 change detected
2026-02-03 17:26:25,937 - watchfiles.main - INFO - 1 change detected
2026-02-03 17:26:26,343 - watchfiles.main - INFO - 1 change detected
2026-02-03 17:26:26,749 - watchfiles.main - INFO - 1 change detected
2026-02-03 17:26:27,116 - watchfiles.main - INFO - 1 change detected
2026-02-03 17:26:27,526 - watchfiles.main - INFO - 1 change detected
2026-02-03 17:26:27,932 - watchfiles.main - INFO - 1 change detected
2026-02-03 17:26:28,343 - watchfiles.main - INFO - 1 change detected
2026-02-03 17:26:28,748 - watchfiles.main - INFO - 1 change detected
2026-02-03 17:26:29,156 - watchfiles.main - INFO - 1 change detected
2026-02-03 17:26:29,566 - watchfiles.main - INFO - 1 change detected
2026-02-03 17:26:29,922 - watchfiles.main - INFO - 1 change detected
2026-02-03 17:26:30,336 - watchfiles.main - INFO - 1 change detected
2026-02-03 17:26:30,744 - watchfiles.main - INFO - 1 change detected
2026-02-03 17:26:31,147 - watchfiles.main - INFO - 1 change detected
2026-02-03 17:26:31,553 - watchfiles.main - INFO - 1 change detected
2026-02-03 17:26:31,960 - watchfiles.main - INFO - 1 change detected
2026-02-03 17:26:32,369 - watchfiles.main - INFO - 1 change detected
2026-02-03 17:26:32,729 - watchfiles.main - INFO - 1 change detected
2026-02-03 17:26:33,090 - watchfiles.main - INFO - 1 change detected
2026-02-03 17:26:33,502 - watchfiles.main - INFO - 1 change detected
2026-02-03 17:26:33,908 - watchfiles.main - INFO - 1 change detected
2026-02-03 17:26:34,314 - watchfiles.main - INFO - 1 change detected
2026-02-03 17:26:34,720 - watchfiles.main - INFO - 1 change detected
2026-02-03 17:26:35,131 - watchfiles.main - INFO - 1 change detected
2026-02-03 17:26:35,535 - watchfiles.main - INFO - 1 change detected
2026-02-03 17:26:35,939 - watchfiles.main - INFO - 1 change detected
2026-02-03 17:26:36,345 - watchfiles.main - INFO - 1 change detected
2026-02-03 17:26:36,711 - watchfiles.main - INFO - 1 change detected
2026-02-03 17:26:37,124 - watchfiles.main - INFO - 1 change detected
2026-02-03 17:26:37,532 - watchfiles.main - INFO - 1 change detected
2026-02-03 17:26:37,942 - watchfiles.main - INFO - 1 change detected
2026-02-03 17:26:38,346 - watchfiles.main - INFO - 1 change detected
2026-02-03 17:26:38,752 - watchfiles.main - INFO - 1 change detected
2026-02-03 17:26:39,158 - watchfiles.main - INFO - 1 change detected
2026-02-03 17:26:39,561 - watchfiles.main - INFO - 1 change detected
2026-02-03 17:26:39,970 - watchfiles.main - INFO - 1 change detected
2026-02-03 17:26:40,323 - watchfiles.main - INFO - 1 change detected
2026-02-03 17:26:40,731 - watchfiles.main - INFO - 1 change detected
2026-02-03 17:26:41,136 - watchfiles.main - INFO - 1 change detected
2026-02-03 17:26:41,544 - watchfiles.main - INFO - 1 change detected
2026-02-03 17:26:41,955 - watchfiles.main - INFO - 1 change detected
2026-02-03 17:26:42,359 - watchfiles.main - INFO - 1 change detected
2026-02-03 17:26:42,766 - watchfiles.main - INFO - 1 change detected
2026-02-03 17:26:43,173 - watchfiles.main - INFO - 1 change detected
2026-02-03 17:26:43,530 - watchfiles.main - INFO - 1 change detected
2026-02-03 17:26:43,940 - watchfiles.main - INFO - 1 change detected
2026-02-03 17:26:44,344 - watchfiles.main - INFO - 1 change detected
2026-02-03 17:26:44,751 - watchfiles.main - INFO - 1 change detected
2026-02-03 17:26:45,158 - watchfiles.main - INFO - 1 change detected
2026-02-03 17:26:45,562 - watchfiles.main - INFO - 1 change detected
2026-02-03 17:26:45,964 - watchfiles.main - INFO - 1 change detected
2026-02-03 17:26:46,370 - watchfiles.main - INFO - 1 change detected
2026-02-03 17:26:46,779 - watchfiles.main - INFO - 1 change detected
2026-02-03 17:26:47,185 - watchfiles.main - INFO - 1 change detected
2026-02-03 17:26:47,591 - watchfiles.main - INFO - 1 change detected
2026-02-03 17:26:48,000 - watchfiles.main - INFO - 1 change detected
2026-02-03 17:26:48,406 - watchfiles.main - INFO - 1 change detected
2026-02-03 17:26:48,813 - watchfiles.main - INFO - 1 change detected
2026-02-03 17:26:49,219 - watchfiles.main - INFO - 1 change detected
2026-02-03 17:26:49,623 - watchfiles.main - INFO - 1 change detected
2026-02-03 17:26:50,027 - watchfiles.main - INFO - 1 change detected
2026-02-03 17:26:50,435 - watchfiles.main - INFO - 1 change detected
2026-02-03 17:26:50,792 - watchfiles.main - INFO - 1 change detected
2026-02-03 17:26:51,202 - watchfiles.main - INFO - 1 change detected
2026-02-03 17:26:51,604 - watchfiles.main - INFO - 1 change detected
2026-02-03 17:26:52,011 - watchfiles.main - INFO - 1 change detected
2026-02-03 17:26:52,421 - watchfiles.main - INFO - 1 change detected
2026-02-03 17:26:52,829 - watchfiles.main - INFO - 1 change detected
2026-02-03 17:26:53,238 - watchfiles.main - INFO - 1 change detected
2026-02-03 17:26:53,646 - watchfiles.main - INFO - 1 change detected
2026-02-03 17:26:54,053 - watchfiles.main - INFO - 1 change detected
2026-02-03 17:26:54,466 - watchfiles.main - INFO - 1 change detected
2026-02-03 17:26:54,872 - watchfiles.main - INFO - 1 change detected
2026-02-03 17:26:55,280 - watchfiles.main - INFO - 1 change detected
2026-02-03 17:26:55,638 - watchfiles.main - INFO - 1 change detected
2026-02-03 17:26:56,050 - watchfiles.main - INFO - 1 change detected
2026-02-03 17:26:56,454 - watchfiles.main - INFO - 1 change detected
2026-02-03 17:26:56,860 - watchfiles.main - INFO - 1 change detected
2026-02-03 17:26:57,269 - watchfiles.main - INFO - 1 change detected
2026-02-03 17:26:57,678 - watchfiles.main - INFO - 1 change detected
2026-02-03 17:26:58,035 - watchfiles.main - INFO - 1 change detected
2026-02-03 17:26:58,446 - watchfiles.main - INFO - 1 change detected
2026-02-03 17:26:58,852 - watchfiles.main - INFO - 1 change detected
2026-02-03 17:26:59,260 - watchfiles.main - INFO - 1 change detected
2026-02-03 17:26:59,669 - watchfiles.main - INFO - 1 change detected
2026-02-03 17:27:00,028 - watchfiles.main - INFO - 1 change detected
2026-02-03 17:27:00,430 - watchfiles.main - INFO - 1 change detected
2026-02-03 17:27:00,832 - watchfiles.main - INFO - 1 change detected
2026-02-03 17:27:01,237 - watchfiles.main - INFO - 1 change detected
2026-02-03 17:27:01,639 - watchfiles.main - INFO - 1 change detected
2026-02-03 17:27:02,055 - watchfiles.main - INFO - 1 change detected
2026-02-03 17:27:02,458 - watchfiles.main - INFO - 1 change detected
2026-02-03 17:27:02,919 - watchfiles.main - INFO - 1 change detected
2026-02-03 17:27:03,334 - watchfiles.main - INFO - 1 change detected
2026-02-03 17:27:03,737 - watchfiles.main - INFO - 1 change detected
2026-02-03 17:27:04,145 - watchfiles.main - INFO - 1 change detected
2026-02-03 17:27:04,553 - watchfiles.main - INFO - 1 change detected
2026-02-03 17:27:04,959 - watchfiles.main - INFO - 1 change detected
2026-02-03 17:27:05,366 - watchfiles.main - INFO - 1 change detected
2026-02-03 17:27:05,771 - watchfiles.main - INFO - 1 change detected
2026-02-03 17:27:06,176 - watchfiles.main - INFO - 1 change detected
2026-02-03 17:27:06,584 - watchfiles.main - INFO - 1 change detected
2026-02-03 17:27:06,993 - watchfiles.main - INFO - 1 change detected
2026-02-03 17:27:07,351 - watchfiles.main - INFO - 1 change detected
2026-02-03 17:27:07,764 - watchfiles.main - INFO - 1 change detected
2026-02-03 17:27:08,125 - watchfiles.main - INFO - 1 change detected
2026-02-03 17:27:08,488 - watchfiles.main - INFO - 1 change detected
2026-02-03 17:27:08,899 - watchfiles.main - INFO - 1 change detected
2026-02-03 17:27:09,305 - watchfiles.main - INFO - 1 change detected
2026-02-03 17:27:09,663 - watchfiles.main - INFO - 1 change detected
2026-02-03 17:27:10,077 - watchfiles.main - INFO - 1 change detected
2026-02-03 17:27:10,487 - watchfiles.main - INFO - 1 change detected
2026-02-03 17:27:10,898 - watchfiles.main - INFO - 1 change detected
2026-02-03 17:27:11,258 - watchfiles.main - INFO - 1 change detected
2026-02-03 17:27:11,667 - watchfiles.main - INFO - 1 change detected
2026-02-03 17:27:12,074 - watchfiles.main - INFO - 1 change detected
2026-02-03 17:27:12,482 - watchfiles.main - INFO - 1 change detected
2026-02-03 17:27:12,888 - watchfiles.main - INFO - 1 change detected
2026-02-03 17:27:13,297 - watchfiles.main - INFO - 1 change detected
2026-02-03 17:27:13,703 - watchfiles.main - INFO - 1 change detected
2026-02-03 17:27:14,112 - watchfiles.main - INFO - 1 change detected
2026-02-03 17:27:14,521 - watchfiles.main - INFO - 1 change detected
2026-02-03 17:27:14,926 - watchfiles.main - INFO - 1 change detected
2026-02-03 17:27:15,334 - watchfiles.main - INFO - 1 change detected
2026-02-03 17:27:15,695 - watchfiles.main - INFO - 1 change detected
2026-02-03 17:27:16,106 - watchfiles.main - INFO - 1 change detected
2026-02-03 17:27:16,512 - watchfiles.main - INFO - 1 change detected
2026-02-03 17:27:16,917 - watchfiles.main - INFO - 1 change detected
2026-02-03 17:27:17,324 - watchfiles.main - INFO - 1 change detected
2026-02-03 17:27:17,731 - watchfiles.main - INFO - 1 change detected
2026-02-03 17:27:18,138 - watchfiles.main - INFO - 1 change detected
2026-02-03 17:27:18,548 - watchfiles.main - INFO - 1 change detected
2026-02-03 17:27:18,955 - watchfiles.main - INFO - 1 change detected
2026-02-03 17:27:19,361 - watchfiles.main - INFO - 1 change detected
2026-02-03 17:27:19,767 - watchfiles.main - INFO - 1 change detected
2026-02-03 17:27:20,124 - watchfiles.main - INFO - 2 changes detected
2026-02-03 17:27:20,535 - watchfiles.main - INFO - 1 change detected
2026-02-03 17:27:20,944 - watchfiles.main - INFO - 1 change detected
2026-02-03 17:27:21,353 - watchfiles.main - INFO - 1 change detected
2026-02-03 17:27:21,760 - watchfiles.main - INFO - 1 change detected
2026-02-03 17:27:22,117 - watchfiles.main - INFO - 1 change detected
2026-02-03 17:27:22,578 - watchfiles.main - INFO - 1 change detected
2026-02-03 17:27:22,992 - watchfiles.main - INFO - 1 change detected
2026-02-03 17:27:23,402 - watchfiles.main - INFO - 1 change detected
2026-02-03 17:27:23,807 - watchfiles.main - INFO - 1 change detected
2026-02-03 17:27:24,214 - watchfiles.main - INFO - 1 change detected
2026-02-03 17:27:24,617 - watchfiles.main - INFO - 1 change detected
2026-02-03 17:27:25,025 - watchfiles.main - INFO - 1 change detected
2026-02-03 17:27:25,433 - watchfiles.main - INFO - 1 change detected
2026-02-03 17:27:25,838 - watchfiles.main - INFO - 1 change detected
2026-02-03 17:27:26,198 - watchfiles.main - INFO - 1 change detected
2026-02-03 17:27:26,610 - watchfiles.main - INFO - 1 change detected
2026-02-03 17:27:27,014 - watchfiles.main - INFO - 1 change detected
2026-02-03 17:27:27,470 - watchfiles.main - INFO - 1 change detected
2026-02-03 17:27:27,873 - watchfiles.main - INFO - 1 change detected
2026-02-03 17:27:28,278 - watchfiles.main - INFO - 1 change detected
2026-02-03 17:27:28,683 - watchfiles.main - INFO - 1 change detected
2026-02-03 17:27:29,092 - watchfiles.main - INFO - 1 change detected
2026-02-03 17:27:29,500 - watchfiles.main - INFO - 1 change detected
2026-02-03 17:27:29,904 - watchfiles.main - INFO - 1 change detected
2026-02-03 17:27:30,309 - watchfiles.main - INFO - 1 change detected
2026-02-03 17:27:30,716 - watchfiles.main - INFO - 1 change detected
2026-02-03 17:27:31,123 - watchfiles.main - INFO - 1 change detected
2026-02-03 17:27:31,531 - watchfiles.main - INFO - 1 change detected
2026-02-03 17:27:31,936 - watchfiles.main - INFO - 1 change detected
2026-02-03 17:27:32,345 - watchfiles.main - INFO - 1 change detected
2026-02-03 17:27:32,752 - watchfiles.main - INFO - 1 change detected
2026-02-03 17:27:33,157 - watchfiles.main - INFO - 1 change detected
2026-02-03 17:27:33,565 - watchfiles.main - INFO - 1 change detected
2026-02-03 17:27:33,974 - watchfiles.main - INFO - 1 change detected
2026-02-03 17:27:34,330 - watchfiles.main - INFO - 1 change detected
2026-02-03 17:27:34,739 - watchfiles.main - INFO - 1 change detected
2026-02-03 17:27:35,146 - watchfiles.main - INFO - 1 change detected
2026-02-03 17:27:35,551 - watchfiles.main - INFO - 1 change detected
2026-02-03 17:27:35,957 - watchfiles.main - INFO - 1 change detected
2026-02-03 17:27:36,364 - watchfiles.main - INFO - 1 change detected
2026-02-03 17:27:36,770 - watchfiles.main - INFO - 1 change detected
2026-02-03 17:27:37,178 - watchfiles.main - INFO - 1 change detected
2026-02-03 17:27:37,583 - watchfiles.main - INFO - 1 change detected
2026-02-03 17:27:37,988 - watchfiles.main - INFO - 1 change detected
2026-02-03 17:27:38,395 - watchfiles.main - INFO - 1 change detected
2026-02-03 17:27:38,801 - watchfiles.main - INFO - 1 change detected
2026-02-03 17:27:39,203 - watchfiles.main - INFO - 1 change detected
2026-02-03 17:27:39,563 - watchfiles.main - INFO - 1 change detected
2026-02-03 17:27:39,973 - watchfiles.main - INFO - 1 change detected
2026-02-03 17:27:40,379 - watchfiles.main - INFO - 1 change detected
2026-02-03 17:27:40,790 - watchfiles.main - INFO - 1 change detected
2026-02-03 17:27:41,198 - watchfiles.main - INFO - 1 change detected
2026-02-03 17:27:41,607 - watchfiles.main - INFO - 1 change detected
2026-02-03 17:27:42,061 - watchfiles.main - INFO - 1 change detected
2026-02-03 17:27:42,465 - watchfiles.main - INFO - 1 change detected
2026-02-03 17:27:42,872 - watchfiles.main - INFO - 1 change detected
2026-02-03 17:27:43,278 - watchfiles.main - INFO - 1 change detected
2026-02-03 17:27:43,683 - watchfiles.main - INFO - 1 change detected
2026-02-03 17:27:44,089 - watchfiles.main - INFO - 1 change detected
2026-02-03 17:27:44,495 - watchfiles.main - INFO - 1 change detected
2026-02-03 17:27:44,905 - watchfiles.main - INFO - 1 change detected
2026-02-03 17:27:45,316 - watchfiles.main - INFO - 1 change detected
2026-02-03 17:27:45,675 - watchfiles.main - INFO - 1 change detected
2026-02-03 17:27:46,086 - watchfiles.main - INFO - 1 change detected
2026-02-03 17:27:46,492 - watchfiles.main - INFO - 1 change detected
2026-02-03 17:27:46,897 - watchfiles.main - INFO - 1 change detected
2026-02-03 17:27:47,254 - watchfiles.main - INFO - 1 change detected
2026-02-03 17:27:47,616 - watchfiles.main - INFO - 1 change detected
2026-02-03 17:27:48,024 - watchfiles.main - INFO - 1 change detected
2026-02-03 17:27:48,434 - watchfiles.main - INFO - 1 change detected
2026-02-03 17:27:48,836 - watchfiles.main - INFO - 1 change detected
2026-02-03 17:27:49,247 - watchfiles.main - INFO - 1 change detected
2026-02-03 17:27:49,654 - watchfiles.main - INFO - 1 change detected
2026-02-03 17:27:50,061 - watchfiles.main - INFO - 1 change detected
2026-02-03 17:27:50,465 - watchfiles.main - INFO - 1 change detected
2026-02-03 17:27:50,874 - watchfiles.main - INFO - 1 change detected
2026-02-03 17:27:51,280 - watchfiles.main - INFO - 1 change detected
2026-02-03 17:27:51,635 - watchfiles.main - INFO - 1 change detected
2026-02-03 17:27:52,047 - watchfiles.main - INFO - 1 change detected
2026-02-03 17:27:52,504 - watchfiles.main - INFO - 2 changes detected
2026-02-03 17:27:52,960 - watchfiles.main - INFO - 1 change detected
2026-02-03 17:27:53,313 - watchfiles.main - INFO - 1 change detected
2026-02-03 17:27:53,723 - watchfiles.main - INFO - 1 change detected
2026-02-03 17:27:54,132 - watchfiles.main - INFO - 1 change detected
2026-02-03 17:27:54,539 - watchfiles.main - INFO - 1 change detected
2026-02-03 17:27:54,899 - watchfiles.main - INFO - 1 change detected
2026-02-03 17:27:55,310 - watchfiles.main - INFO - 1 change detected
2026-02-03 17:27:55,720 - watchfiles.main - INFO - 1 change detected
2026-02-03 17:27:56,128 - watchfiles.main - INFO - 1 change detected
2026-02-03 17:27:56,486 - watchfiles.main - INFO - 1 change detected
2026-02-03 17:27:56,899 - watchfiles.main - INFO - 1 change detected
2026-02-03 17:27:57,307 - watchfiles.main - INFO - 1 change detected
2026-02-03 17:27:57,716 - watchfiles.main - INFO - 1 change detected
2026-02-03 17:27:58,070 - watchfiles.main - INFO - 1 change detected
2026-02-03 17:27:58,481 - watchfiles.main - INFO - 1 change detected
2026-02-03 17:27:58,893 - watchfiles.main - INFO - 1 change detected
2026-02-03 17:27:59,295 - watchfiles.main - INFO - 1 change detected
2026-02-03 17:27:59,703 - watchfiles.main - INFO - 1 change detected
2026-02-03 17:28:00,110 - watchfiles.main - INFO - 1 change detected
2026-02-03 17:28:00,470 - watchfiles.main - INFO - 1 change detected
2026-02-03 17:28:00,879 - watchfiles.main - INFO - 1 change detected
2026-02-03 17:28:01,288 - watchfiles.main - INFO - 1 change detected
2026-02-03 17:28:01,695 - watchfiles.main - INFO - 1 change detected
2026-02-03 17:28:02,101 - watchfiles.main - INFO - 1 change detected
2026-02-03 17:28:02,458 - watchfiles.main - INFO - 1 change detected
2026-02-03 17:28:02,868 - watchfiles.main - INFO - 1 change detected
2026-02-03 17:28:03,275 - watchfiles.main - INFO - 1 change detected
2026-02-03 17:28:03,686 - watchfiles.main - INFO - 1 change detected
2026-02-03 17:28:04,091 - watchfiles.main - INFO - 1 change detected
2026-02-03 17:28:04,450 - watchfiles.main - INFO - 1 change detected
2026-02-03 17:28:04,861 - watchfiles.main - INFO - 1 change detected
2026-02-03 17:28:05,266 - watchfiles.main - INFO - 1 change detected
2026-02-03 17:28:05,671 - watchfiles.main - INFO - 1 change detected
2026-02-03 17:28:06,080 - watchfiles.main - INFO - 1 change detected
2026-02-03 17:28:06,437 - watchfiles.main - INFO - 1 change detected
2026-02-03 17:28:06,847 - watchfiles.main - INFO - 1 change detected
2026-02-03 17:28:07,253 - watchfiles.main - INFO - 1 change detected
2026-02-03 17:28:07,659 - watchfiles.main - INFO - 1 change detected
2026-02-03 17:28:08,067 - watchfiles.main - INFO - 1 change detected
2026-02-03 17:28:08,477 - watchfiles.main - INFO - 1 change detected
2026-02-03 17:28:08,884 - watchfiles.main - INFO - 1 change detected
2026-02-03 17:28:09,291 - watchfiles.main - INFO - 1 change detected
2026-02-03 17:28:09,644 - watchfiles.main - INFO - 1 change detected
2026-02-03 17:28:10,056 - watchfiles.main - INFO - 1 change detected
2026-02-03 17:28:10,460 - watchfiles.main - INFO - 1 change detected
2026-02-03 17:28:10,867 - watchfiles.main - INFO - 1 change detected
2026-02-03 17:28:11,273 - watchfiles.main - INFO - 1 change detected
2026-02-03 17:28:11,679 - watchfiles.main - INFO - 1 change detected
2026-02-03 17:28:12,085 - watchfiles.main - INFO - 1 change detected
2026-02-03 17:28:12,490 - watchfiles.main - INFO - 1 change detected
2026-02-03 17:28:12,899 - watchfiles.main - INFO - 1 change detected
2026-02-03 17:28:13,306 - watchfiles.main - INFO - 1 change detected
2026-02-03 17:28:13,712 - watchfiles.main - INFO - 1 change detected
2026-02-03 17:28:14,119 - watchfiles.main - INFO - 1 change detected
2026-02-03 17:28:14,477 - watchfiles.main - INFO - 1 change detected
2026-02-03 17:28:14,886 - watchfiles.main - INFO - 1 change detected
2026-02-03 17:28:15,297 - watchfiles.main - INFO - 1 change detected
2026-02-03 17:28:15,704 - watchfiles.main - INFO - 1 change detected
2026-02-03 17:28:16,065 - watchfiles.main - INFO - 1 change detected
2026-02-03 17:28:16,476 - watchfiles.main - INFO - 1 change detected
2026-02-03 17:28:16,886 - watchfiles.main - INFO - 1 change detected
2026-02-03 17:28:17,294 - watchfiles.main - INFO - 1 change detected
2026-02-03 17:28:17,653 - watchfiles.main - INFO - 1 change detected
2026-02-03 17:28:18,063 - watchfiles.main - INFO - 1 change detected
2026-02-03 17:28:18,471 - watchfiles.main - INFO - 1 change detected
2026-02-03 17:28:18,877 - watchfiles.main - INFO - 1 change detected
2026-02-03 17:28:19,285 - watchfiles.main - INFO - 1 change detected
2026-02-03 17:28:19,690 - watchfiles.main - INFO - 1 change detected
2026-02-03 17:28:20,098 - watchfiles.main - INFO - 1 change detected
2026-02-03 17:28:20,456 - watchfiles.main - INFO - 1 change detected
2026-02-03 17:28:20,868 - watchfiles.main - INFO - 1 change detected
2026-02-03 17:28:21,276 - watchfiles.main - INFO - 1 change detected
2026-02-03 17:28:21,685 - watchfiles.main - INFO - 1 change detected
2026-02-03 17:28:22,092 - watchfiles.main - INFO - 1 change detected
2026-02-03 17:28:22,498 - watchfiles.main - INFO - 1 change detected
2026-02-03 17:28:22,858 - watchfiles.main - INFO - 1 change detected
2026-02-03 17:28:23,271 - watchfiles.main - INFO - 1 change detected
2026-02-03 17:28:23,679 - watchfiles.main - INFO - 1 change detected
2026-02-03 17:28:24,038 - watchfiles.main - INFO - 1 change detected
2026-02-03 17:28:24,398 - watchfiles.main - INFO - 1 change detected
2026-02-03 17:28:24,808 - watchfiles.main - INFO - 1 change detected
2026-02-03 17:28:25,215 - watchfiles.main - INFO - 1 change detected
2026-02-03 17:28:25,620 - watchfiles.main - INFO - 1 change detected
2026-02-03 17:28:26,029 - watchfiles.main - INFO - 1 change detected
2026-02-03 17:28:26,438 - watchfiles.main - INFO - 1 change detected
2026-02-03 17:28:26,800 - watchfiles.main - INFO - 1 change detected
2026-02-03 17:28:27,211 - watchfiles.main - INFO - 1 change detected
2026-02-03 17:28:27,622 - watchfiles.main - INFO - 1 change detected
2026-02-03 17:28:28,028 - watchfiles.main - INFO - 1 change detected
2026-02-03 17:28:28,384 - watchfiles.main - INFO - 1 change detected
2026-02-03 17:28:28,793 - watchfiles.main - INFO - 1 change detected
2026-02-03 17:28:29,201 - watchfiles.main - INFO - 1 change detected
2026-02-03 17:28:29,609 - watchfiles.main - INFO - 1 change detected
2026-02-03 17:28:29,969 - watchfiles.main - INFO - 1 change detected
2026-02-03 17:28:30,382 - watchfiles.main - INFO - 1 change detected
2026-02-03 17:28:30,789 - watchfiles.main - INFO - 1 change detected
2026-02-03 17:28:31,193 - watchfiles.main - INFO - 1 change detected
2026-02-03 17:28:31,551 - watchfiles.main - INFO - 1 change detected
2026-02-03 17:28:31,961 - watchfiles.main - INFO - 1 change detected
2026-02-03 17:28:32,371 - watchfiles.main - INFO - 1 change detected
2026-02-03 17:28:32,782 - watchfiles.main - INFO - 1 change detected
2026-02-03 17:28:33,189 - watchfiles.main - INFO - 1 change detected
2026-02-03 17:28:33,597 - watchfiles.main - INFO - 1 change detected
2026-02-03 17:28:34,003 - watchfiles.main - INFO - 1 change detected
2026-02-03 17:28:34,410 - watchfiles.main - INFO - 1 change detected
2026-02-03 17:28:34,816 - watchfiles.main - INFO - 1 change detected
2026-02-03 17:28:35,223 - watchfiles.main - INFO - 1 change detected
2026-02-03 17:28:35,581 - watchfiles.main - INFO - 1 change detected
2026-02-03 17:28:35,993 - watchfiles.main - INFO - 1 change detected
2026-02-03 17:28:36,403 - watchfiles.main - INFO - 1 change detected
2026-02-03 17:28:36,810 - watchfiles.main - INFO - 1 change detected
2026-02-03 17:28:37,167 - watchfiles.main - INFO - 1 change detected
2026-02-03 17:28:37,579 - watchfiles.main - INFO - 1 change detected
2026-02-03 17:28:37,989 - watchfiles.main - INFO - 1 change detected
2026-02-03 17:28:38,398 - watchfiles.main - INFO - 1 change detected
2026-02-03 17:28:38,804 - watchfiles.main - INFO - 1 change detected
2026-02-03 17:28:39,213 - watchfiles.main - INFO - 1 change detected
2026-02-03 17:28:39,621 - watchfiles.main - INFO - 1 change detected
2026-02-03 17:28:40,024 - watchfiles.main - INFO - 1 change detected
2026-02-03 17:28:40,382 - watchfiles.main - INFO - 1 change detected
2026-02-03 17:28:40,792 - watchfiles.main - INFO - 1 change detected
2026-02-03 17:28:41,198 - watchfiles.main - INFO - 1 change detected
2026-02-03 17:28:41,603 - watchfiles.main - INFO - 1 change detected
2026-02-03 17:28:42,012 - watchfiles.main - INFO - 1 change detected
2026-02-03 17:28:42,421 - watchfiles.main - INFO - 1 change detected
2026-02-03 17:28:42,832 - watchfiles.main - INFO - 1 change detected
2026-02-03 17:28:43,191 - watchfiles.main - INFO - 1 change detected
2026-02-03 17:28:43,601 - watchfiles.main - INFO - 1 change detected
2026-02-03 17:28:44,009 - watchfiles.main - INFO - 1 change detected
2026-02-03 17:28:44,416 - watchfiles.main - INFO - 1 change detected
2026-02-03 17:28:44,821 - watchfiles.main - INFO - 1 change detected
2026-02-03 17:28:45,230 - watchfiles.main - INFO - 1 change detected
2026-02-03 17:28:45,635 - watchfiles.main - INFO - 1 change detected
2026-02-03 17:28:46,043 - watchfiles.main - INFO - 1 change detected
2026-02-03 17:28:46,451 - watchfiles.main - INFO - 1 change detected
2026-02-03 17:28:46,811 - watchfiles.main - INFO - 2 changes detected
2026-02-03 17:28:47,275 - watchfiles.main - INFO - 1 change detected
2026-02-03 17:28:47,678 - watchfiles.main - INFO - 1 change detected
2026-02-03 17:28:48,035 - watchfiles.main - INFO - 1 change detected
2026-02-03 17:28:48,448 - watchfiles.main - INFO - 1 change detected
2026-02-03 17:28:48,858 - watchfiles.main - INFO - 1 change detected
2026-02-03 17:28:49,263 - watchfiles.main - INFO - 1 change detected
2026-02-03 17:28:49,671 - watchfiles.main - INFO - 1 change detected
2026-02-03 17:28:50,079 - watchfiles.main - INFO - 1 change detected
2026-02-03 17:28:50,439 - watchfiles.main - INFO - 1 change detected
2026-02-03 17:28:50,850 - watchfiles.main - INFO - 1 change detected
2026-02-03 17:28:51,306 - watchfiles.main - INFO - 1 change detected
2026-02-03 17:28:51,723 - watchfiles.main - INFO - 1 change detected
2026-02-03 17:28:52,184 - watchfiles.main - INFO - 1 change detected
2026-02-03 17:28:52,537 - watchfiles.main - INFO - 1 change detected
2026-02-03 17:28:52,951 - watchfiles.main - INFO - 1 change detected
2026-02-03 17:28:53,359 - watchfiles.main - INFO - 1 change detected
2026-02-03 17:28:53,767 - watchfiles.main - INFO - 1 change detected
2026-02-03 17:28:54,126 - watchfiles.main - INFO - 1 change detected
2026-02-03 17:28:54,538 - watchfiles.main - INFO - 1 change detected
2026-02-03 17:28:54,945 - watchfiles.main - INFO - 1 change detected
2026-02-03 17:28:55,351 - watchfiles.main - INFO - 1 change detected
2026-02-03 17:28:55,757 - watchfiles.main - INFO - 1 change detected
2026-02-03 17:28:56,163 - watchfiles.main - INFO - 1 change detected
2026-02-03 17:28:56,565 - watchfiles.main - INFO - 1 change detected
2026-02-03 17:28:56,971 - watchfiles.main - INFO - 1 change detected
2026-02-03 17:28:57,378 - watchfiles.main - INFO - 1 change detected
2026-02-03 17:28:57,783 - watchfiles.main - INFO - 1 change detected
2026-02-03 17:28:58,190 - watchfiles.main - INFO - 1 change detected
2026-02-03 17:28:58,597 - watchfiles.main - INFO - 1 change detected
2026-02-03 17:28:59,002 - watchfiles.main - INFO - 1 change detected
2026-02-03 17:28:59,409 - watchfiles.main - INFO - 1 change detected
2026-02-03 17:28:59,819 - watchfiles.main - INFO - 1 change detected
2026-02-03 17:29:00,177 - watchfiles.main - INFO - 1 change detected
2026-02-03 17:29:00,588 - watchfiles.main - INFO - 1 change detected
2026-02-03 17:29:00,996 - watchfiles.main - INFO - 1 change detected
2026-02-03 17:29:01,405 - watchfiles.main - INFO - 1 change detected
2026-02-03 17:29:01,812 - watchfiles.main - INFO - 1 change detected
2026-02-03 17:29:02,168 - watchfiles.main - INFO - 1 change detected
2026-02-03 17:29:02,530 - watchfiles.main - INFO - 1 change detected
2026-02-03 17:29:02,939 - watchfiles.main - INFO - 1 change detected
2026-02-03 17:29:03,346 - watchfiles.main - INFO - 1 change detected
2026-02-03 17:29:03,749 - watchfiles.main - INFO - 1 change detected
2026-02-03 17:29:04,155 - watchfiles.main - INFO - 1 change detected
2026-02-03 17:29:04,563 - watchfiles.main - INFO - 1 change detected
2026-02-03 17:29:04,971 - watchfiles.main - INFO - 1 change detected
2026-02-03 17:29:05,378 - watchfiles.main - INFO - 1 change detected
2026-02-03 17:29:05,785 - watchfiles.main - INFO - 1 change detected
2026-02-03 17:29:06,191 - watchfiles.main - INFO - 1 change detected
2026-02-03 17:29:06,598 - watchfiles.main - INFO - 1 change detected
2026-02-03 17:29:07,002 - watchfiles.main - INFO - 1 change detected
2026-02-03 17:29:07,409 - watchfiles.main - INFO - 1 change detected
2026-02-03 17:29:07,768 - watchfiles.main - INFO - 1 change detected
2026-02-03 17:29:08,180 - watchfiles.main - INFO - 1 change detected
2026-02-03 17:29:08,584 - watchfiles.main - INFO - 1 change detected
2026-02-03 17:29:08,988 - watchfiles.main - INFO - 1 change detected
2026-02-03 17:29:09,394 - watchfiles.main - INFO - 1 change detected
2026-02-03 17:29:09,799 - watchfiles.main - INFO - 1 change detected
2026-02-03 17:29:10,208 - watchfiles.main - INFO - 1 change detected
2026-02-03 17:29:10,615 - watchfiles.main - INFO - 1 change detected
2026-02-03 17:29:11,023 - watchfiles.main - INFO - 1 change detected
2026-02-03 17:29:11,379 - watchfiles.main - INFO - 1 change detected
2026-02-03 17:29:11,742 - watchfiles.main - INFO - 1 change detected
2026-02-03 17:29:12,204 - watchfiles.main - INFO - 1 change detected
2026-02-03 17:29:12,607 - watchfiles.main - INFO - 1 change detected
2026-02-03 17:29:13,011 - watchfiles.main - INFO - 1 change detected
2026-02-03 17:29:13,420 - watchfiles.main - INFO - 1 change detected
2026-02-03 17:29:13,827 - watchfiles.main - INFO - 1 change detected
2026-02-03 17:29:14,231 - watchfiles.main - INFO - 1 change detected
2026-02-03 17:29:14,589 - watchfiles.main - INFO - 1 change detected
2026-02-03 17:29:15,001 - watchfiles.main - INFO - 1 change detected
2026-02-03 17:29:15,407 - watchfiles.main - INFO - 1 change detected
2026-02-03 17:29:15,813 - watchfiles.main - INFO - 1 change detected
2026-02-03 17:29:16,222 - watchfiles.main - INFO - 1 change detected
2026-02-03 17:29:16,632 - watchfiles.main - INFO - 1 change detected
2026-02-03 17:29:17,038 - watchfiles.main - INFO - 1 change detected
2026-02-03 17:29:17,399 - watchfiles.main - INFO - 1 change detected
2026-02-03 17:29:17,810 - watchfiles.main - INFO - 1 change detected
2026-02-03 17:29:18,218 - watchfiles.main - INFO - 1 change detected
2026-02-03 17:29:18,625 - watchfiles.main - INFO - 1 change detected
2026-02-03 17:29:19,042 - watchfiles.main - INFO - 1 change detected
2026-02-03 17:29:19,448 - watchfiles.main - INFO - 1 change detected
2026-02-03 17:29:19,853 - watchfiles.main - INFO - 1 change detected
2026-02-03 17:29:20,258 - watchfiles.main - INFO - 1 change detected
2026-02-03 17:29:20,665 - watchfiles.main - INFO - 1 change detected
2026-02-03 17:29:21,024 - watchfiles.main - INFO - 1 change detected
2026-02-03 17:29:21,432 - watchfiles.main - INFO - 1 change detected
2026-02-03 17:29:21,843 - watchfiles.main - INFO - 1 change detected
2026-02-03 17:29:22,251 - watchfiles.main - INFO - 1 change detected
2026-02-03 17:29:22,608 - watchfiles.main - INFO - 1 change detected
2026-02-03 17:29:23,023 - watchfiles.main - INFO - 1 change detected
2026-02-03 17:29:23,430 - watchfiles.main - INFO - 1 change detected
2026-02-03 17:29:23,833 - watchfiles.main - INFO - 1 change detected
2026-02-03 17:29:24,240 - watchfiles.main - INFO - 1 change detected
2026-02-03 17:29:24,646 - watchfiles.main - INFO - 1 change detected
2026-02-03 17:29:25,006 - watchfiles.main - INFO - 1 change detected
2026-02-03 17:29:25,419 - watchfiles.main - INFO - 1 change detected
2026-02-03 17:29:25,825 - watchfiles.main - INFO - 1 change detected
2026-02-03 17:29:26,233 - watchfiles.main - INFO - 1 change detected
2026-02-03 17:29:26,639 - watchfiles.main - INFO - 1 change detected
2026-02-03 17:29:26,995 - watchfiles.main - INFO - 1 change detected
2026-02-03 17:29:27,407 - watchfiles.main - INFO - 1 change detected
2026-02-03 17:29:27,811 - watchfiles.main - INFO - 1 change detected
2026-02-03 17:29:28,218 - watchfiles.main - INFO - 1 change detected
2026-02-03 17:29:28,626 - watchfiles.main - INFO - 1 change detected
2026-02-03 17:29:29,030 - watchfiles.main - INFO - 1 change detected
2026-02-03 17:29:29,389 - watchfiles.main - INFO - 1 change detected
2026-02-03 17:29:29,804 - watchfiles.main - INFO - 1 change detected
2026-02-03 17:29:30,161 - watchfiles.main - INFO - 1 change detected
2026-02-03 17:29:30,573 - watchfiles.main - INFO - 1 change detected
2026-02-03 17:29:30,933 - watchfiles.main - INFO - 1 change detected
2026-02-03 17:29:31,345 - watchfiles.main - INFO - 1 change detected
2026-02-03 17:29:31,754 - watchfiles.main - INFO - 1 change detected
2026-02-03 17:29:32,162 - watchfiles.main - INFO - 1 change detected
2026-02-03 17:29:32,567 - watchfiles.main - INFO - 1 change detected
2026-02-03 17:29:32,971 - watchfiles.main - INFO - 1 change detected
2026-02-03 17:29:33,378 - watchfiles.main - INFO - 1 change detected
2026-02-03 17:29:33,785 - watchfiles.main - INFO - 1 change detected
2026-02-03 17:29:34,143 - watchfiles.main - INFO - 1 change detected
2026-02-03 17:29:34,556 - watchfiles.main - INFO - 1 change detected
2026-02-03 17:29:34,963 - watchfiles.main - INFO - 1 change detected
2026-02-03 17:29:35,366 - watchfiles.main - INFO - 1 change detected
2026-02-03 17:29:35,773 - watchfiles.main - INFO - 1 change detected
2026-02-03 17:29:36,231 - watchfiles.main - INFO - 1 change detected
2026-02-03 17:29:36,597 - watchfiles.main - INFO - 1 change detected
2026-02-03 17:29:37,007 - watchfiles.main - INFO - 1 change detected
2026-02-03 17:29:37,413 - watchfiles.main - INFO - 1 change detected
2026-02-03 17:29:37,769 - watchfiles.main - INFO - 1 change detected
2026-02-03 17:29:38,133 - watchfiles.main - INFO - 1 change detected
2026-02-03 17:29:38,495 - watchfiles.main - INFO - 1 change detected
2026-02-03 17:29:38,905 - watchfiles.main - INFO - 1 change detected
2026-02-03 17:29:39,312 - watchfiles.main - INFO - 1 change detected
2026-02-03 17:29:39,718 - watchfiles.main - INFO - 1 change detected
2026-02-03 17:29:40,127 - watchfiles.main - INFO - 1 change detected
2026-02-03 17:29:40,536 - watchfiles.main - INFO - 1 change detected
2026-02-03 17:29:40,946 - watchfiles.main - INFO - 1 change detected
2026-02-03 17:29:41,355 - watchfiles.main - INFO - 1 change detected
2026-02-03 17:29:41,714 - watchfiles.main - INFO - 1 change detected
2026-02-03 17:29:42,124 - watchfiles.main - INFO - 1 change detected
2026-02-03 17:29:42,534 - watchfiles.main - INFO - 1 change detected
2026-02-03 17:29:42,938 - watchfiles.main - INFO - 1 change detected
2026-02-03 17:29:43,344 - watchfiles.main - INFO - 1 change detected
2026-02-03 17:29:43,700 - watchfiles.main - INFO - 1 change detected
2026-02-03 17:29:44,110 - watchfiles.main - INFO - 1 change detected
2026-02-03 17:29:44,518 - watchfiles.main - INFO - 1 change detected
2026-02-03 17:29:44,923 - watchfiles.main - INFO - 1 change detected
2026-02-03 17:29:45,281 - watchfiles.main - INFO - 1 change detected
2026-02-03 17:29:45,693 - watchfiles.main - INFO - 1 change detected
2026-02-03 17:29:46,099 - watchfiles.main - INFO - 1 change detected
2026-02-03 17:29:46,503 - watchfiles.main - INFO - 1 change detected
2026-02-03 17:29:46,912 - watchfiles.main - INFO - 1 change detected
2026-02-03 17:29:47,319 - watchfiles.main - INFO - 1 change detected
2026-02-03 17:29:47,728 - watchfiles.main - INFO - 1 change detected
2026-02-03 17:29:48,137 - watchfiles.main - INFO - 1 change detected
2026-02-03 17:29:48,494 - watchfiles.main - INFO - 1 change detected
2026-02-03 17:29:48,854 - watchfiles.main - INFO - 1 change detected
2026-02-03 17:29:49,217 - watchfiles.main - INFO - 1 change detected
2026-02-03 17:29:49,630 - watchfiles.main - INFO - 1 change detected
2026-02-03 17:29:50,033 - watchfiles.main - INFO - 1 change detected
2026-02-03 17:29:50,441 - watchfiles.main - INFO - 1 change detected
2026-02-03 17:29:50,847 - watchfiles.main - INFO - 1 change detected
2026-02-03 17:29:51,204 - watchfiles.main - INFO - 1 change detected
2026-02-03 17:29:51,611 - watchfiles.main - INFO - 1 change detected
2026-02-03 17:29:52,022 - watchfiles.main - INFO - 1 change detected
2026-02-03 17:29:52,380 - watchfiles.main - INFO - 1 change detected
2026-02-03 17:29:52,790 - watchfiles.main - INFO - 1 change detected
2026-02-03 17:29:53,196 - watchfiles.main - INFO - 1 change detected
2026-02-03 17:29:53,602 - watchfiles.main - INFO - 1 change detected
2026-02-03 17:29:54,008 - watchfiles.main - INFO - 1 change detected
2026-02-03 17:29:54,415 - watchfiles.main - INFO - 1 change detected
2026-02-03 17:29:54,823 - watchfiles.main - INFO - 1 change detected
2026-02-03 17:29:55,231 - watchfiles.main - INFO - 1 change detected
2026-02-03 17:29:55,638 - watchfiles.main - INFO - 1 change detected
2026-02-03 17:29:56,045 - watchfiles.main - INFO - 1 change detected
2026-02-03 17:29:56,454 - watchfiles.main - INFO - 1 change detected
2026-02-03 17:29:56,861 - watchfiles.main - INFO - 1 change detected
2026-02-03 17:29:57,272 - watchfiles.main - INFO - 1 change detected
2026-02-03 17:29:57,629 - watchfiles.main - INFO - 1 change detected
2026-02-03 17:29:58,041 - watchfiles.main - INFO - 1 change detected
2026-02-03 17:29:58,449 - watchfiles.main - INFO - 1 change detected
2026-02-03 17:29:58,855 - watchfiles.main - INFO - 1 change detected
2026-02-03 17:29:59,262 - watchfiles.main - INFO - 1 change detected
2026-02-03 17:29:59,669 - watchfiles.main - INFO - 1 change detected
2026-02-03 17:30:00,029 - watchfiles.main - INFO - 1 change detected
2026-02-03 17:30:00,442 - watchfiles.main - INFO - 1 change detected
2026-02-03 17:30:00,849 - watchfiles.main - INFO - 1 change detected
2026-02-03 17:30:01,254 - watchfiles.main - INFO - 1 change detected
2026-02-03 17:30:01,663 - watchfiles.main - INFO - 1 change detected
2026-02-03 17:30:02,070 - watchfiles.main - INFO - 1 change detected
2026-02-03 17:30:02,474 - watchfiles.main - INFO - 1 change detected
2026-02-03 17:30:02,834 - watchfiles.main - INFO - 1 change detected
2026-02-03 17:30:03,194 - watchfiles.main - INFO - 1 change detected
2026-02-03 17:30:03,604 - watchfiles.main - INFO - 1 change detected
2026-02-03 17:30:04,011 - watchfiles.main - INFO - 1 change detected
2026-02-03 17:30:04,369 - watchfiles.main - INFO - 1 change detected
2026-02-03 17:30:04,778 - watchfiles.main - INFO - 1 change detected
2026-02-03 17:30:05,184 - watchfiles.main - INFO - 1 change detected
2026-02-03 17:30:05,592 - watchfiles.main - INFO - 1 change detected
2026-02-03 17:30:06,003 - watchfiles.main - INFO - 1 change detected
2026-02-03 17:30:06,405 - watchfiles.main - INFO - 1 change detected
2026-02-03 17:30:06,811 - watchfiles.main - INFO - 1 change detected
2026-02-03 17:30:07,216 - watchfiles.main - INFO - 1 change detected
2026-02-03 17:30:07,622 - watchfiles.main - INFO - 1 change detected
2026-02-03 17:30:08,029 - watchfiles.main - INFO - 1 change detected
2026-02-03 17:30:08,535 - watchfiles.main - INFO - 1 change detected
2026-02-03 17:30:08,898 - watchfiles.main - INFO - 1 change detected
2026-02-03 17:30:09,308 - watchfiles.main - INFO - 1 change detected
2026-02-03 17:30:09,714 - watchfiles.main - INFO - 1 change detected
2026-02-03 17:30:10,122 - watchfiles.main - INFO - 1 change detected
2026-02-03 17:30:10,527 - watchfiles.main - INFO - 1 change detected
2026-02-03 17:30:10,931 - watchfiles.main - INFO - 1 change detected
2026-02-03 17:30:11,335 - watchfiles.main - INFO - 1 change detected
2026-02-03 17:30:11,743 - watchfiles.main - INFO - 1 change detected
2026-02-03 17:30:12,153 - watchfiles.main - INFO - 1 change detected
2026-02-03 17:30:12,561 - watchfiles.main - INFO - 1 change detected
2026-02-03 17:30:12,969 - watchfiles.main - INFO - 1 change detected
2026-02-03 17:30:13,373 - watchfiles.main - INFO - 1 change detected
2026-02-03 17:30:13,784 - watchfiles.main - INFO - 1 change detected
2026-02-03 17:30:14,137 - watchfiles.main - INFO - 1 change detected
2026-02-03 17:30:14,595 - watchfiles.main - INFO - 1 change detected
2026-02-03 17:30:15,000 - watchfiles.main - INFO - 1 change detected
2026-02-03 17:30:15,406 - watchfiles.main - INFO - 1 change detected
2026-02-03 17:30:15,811 - watchfiles.main - INFO - 1 change detected
2026-02-03 17:30:16,217 - watchfiles.main - INFO - 1 change detected
2026-02-03 17:30:16,622 - watchfiles.main - INFO - 1 change detected
2026-02-03 17:30:17,029 - watchfiles.main - INFO - 1 change detected
2026-02-03 17:30:17,431 - watchfiles.main - INFO - 1 change detected
2026-02-03 17:30:17,839 - watchfiles.main - INFO - 1 change detected
2026-02-03 17:30:18,242 - watchfiles.main - INFO - 1 change detected
2026-02-03 17:30:18,650 - watchfiles.main - INFO - 1 change detected
2026-02-03 17:30:19,055 - watchfiles.main - INFO - 1 change detected
2026-02-03 17:30:19,461 - watchfiles.main - INFO - 1 change detected
2026-02-03 17:30:19,917 - watchfiles.main - INFO - 1 change detected
2026-02-03 17:30:20,320 - watchfiles.main - INFO - 1 change detected
2026-02-03 17:30:20,726 - watchfiles.main - INFO - 1 change detected
2026-02-03 17:30:21,134 - watchfiles.main - INFO - 1 change detected
2026-02-03 17:30:21,488 - watchfiles.main - INFO - 1 change detected
2026-02-03 17:30:21,899 - watchfiles.main - INFO - 1 change detected
2026-02-03 17:30:22,307 - watchfiles.main - INFO - 1 change detected
2026-02-03 17:30:22,762 - watchfiles.main - INFO - 1 change detected
2026-02-03 17:30:23,167 - watchfiles.main - INFO - 1 change detected
2026-02-03 17:30:23,576 - watchfiles.main - INFO - 1 change detected
2026-02-03 17:30:23,932 - watchfiles.main - INFO - 1 change detected
2026-02-03 17:30:24,347 - watchfiles.main - INFO - 1 change detected
2026-02-03 17:30:24,757 - watchfiles.main - INFO - 1 change detected
2026-02-03 17:30:25,165 - watchfiles.main - INFO - 1 change detected
2026-02-03 17:30:25,521 - watchfiles.main - INFO - 1 change detected
2026-02-03 17:30:25,931 - watchfiles.main - INFO - 1 change detected
2026-02-03 17:30:26,339 - watchfiles.main - INFO - 1 change detected
2026-02-03 17:30:26,747 - watchfiles.main - INFO - 1 change detected
2026-02-03 17:30:27,156 - watchfiles.main - INFO - 1 change detected
2026-02-03 17:30:27,565 - watchfiles.main - INFO - 1 change detected
2026-02-03 17:30:27,973 - watchfiles.main - INFO - 1 change detected
2026-02-03 17:30:28,331 - watchfiles.main - INFO - 1 change detected
2026-02-03 17:30:28,740 - watchfiles.main - INFO - 1 change detected
2026-02-03 17:30:29,147 - watchfiles.main - INFO - 1 change detected
2026-02-03 17:30:29,554 - watchfiles.main - INFO - 1 change detected
2026-02-03 17:30:29,961 - watchfiles.main - INFO - 1 change detected
2026-02-03 17:30:30,367 - watchfiles.main - INFO - 1 change detected
2026-02-03 17:30:30,772 - watchfiles.main - INFO - 1 change detected
2026-02-03 17:30:31,178 - watchfiles.main - INFO - 1 change detected
2026-02-03 17:30:31,583 - watchfiles.main - INFO - 1 change detected
2026-02-03 17:30:31,994 - watchfiles.main - INFO - 1 change detected
2026-02-03 17:30:32,351 - watchfiles.main - INFO - 1 change detected
2026-02-03 17:30:32,762 - watchfiles.main - INFO - 1 change detected
2026-02-03 17:30:33,170 - watchfiles.main - INFO - 1 change detected
2026-02-03 17:30:33,576 - watchfiles.main - INFO - 1 change detected
2026-02-03 17:30:33,936 - watchfiles.main - INFO - 1 change detected
2026-02-03 17:30:34,347 - watchfiles.main - INFO - 1 change detected
2026-02-03 17:30:34,751 - watchfiles.main - INFO - 1 change detected
2026-02-03 17:30:35,156 - watchfiles.main - INFO - 1 change detected
2026-02-03 17:30:35,562 - watchfiles.main - INFO - 1 change detected
2026-02-03 17:30:35,966 - watchfiles.main - INFO - 1 change detected
2026-02-03 17:30:36,372 - watchfiles.main - INFO - 1 change detected
2026-02-03 17:30:36,778 - watchfiles.main - INFO - 1 change detected
2026-02-03 17:30:37,187 - watchfiles.main - INFO - 1 change detected
2026-02-03 17:30:37,542 - watchfiles.main - INFO - 1 change detected
2026-02-03 17:30:37,952 - watchfiles.main - INFO - 1 change detected
2026-02-03 17:30:38,357 - watchfiles.main - INFO - 1 change detected
2026-02-03 17:30:38,764 - watchfiles.main - INFO - 1 change detected
2026-02-03 17:30:39,173 - watchfiles.main - INFO - 1 change detected
2026-02-03 17:30:39,532 - watchfiles.main - INFO - 1 change detected
2026-02-03 17:30:39,940 - watchfiles.main - INFO - 1 change detected
2026-02-03 17:30:40,350 - watchfiles.main - INFO - 1 change detected
2026-02-03 17:30:40,756 - watchfiles.main - INFO - 1 change detected
2026-02-03 17:30:41,159 - watchfiles.main - INFO - 1 change detected
2026-02-03 17:30:41,568 - watchfiles.main - INFO - 1 change detected
2026-02-03 17:30:41,977 - watchfiles.main - INFO - 1 change detected
2026-02-03 17:30:42,334 - watchfiles.main - INFO - 1 change detected
2026-02-03 17:30:42,746 - watchfiles.main - INFO - 1 change detected
2026-02-03 17:30:43,153 - watchfiles.main - INFO - 1 change detected
2026-02-03 17:30:43,558 - watchfiles.main - INFO - 1 change detected
2026-02-03 17:30:43,965 - watchfiles.main - INFO - 1 change detected
2026-02-03 17:30:44,371 - watchfiles.main - INFO - 1 change detected
2026-02-03 17:30:44,777 - watchfiles.main - INFO - 1 change detected
2026-02-03 17:30:45,185 - watchfiles.main - INFO - 1 change detected
2026-02-03 17:30:45,545 - watchfiles.main - INFO - 1 change detected
2026-02-03 17:30:45,956 - watchfiles.main - INFO - 1 change detected
2026-02-03 17:30:46,366 - watchfiles.main - INFO - 1 change detected
2026-02-03 17:30:46,772 - watchfiles.main - INFO - 1 change detected
2026-02-03 17:30:47,183 - watchfiles.main - INFO - 1 change detected
2026-02-03 17:30:47,592 - watchfiles.main - INFO - 1 change detected
2026-02-03 17:30:47,951 - watchfiles.main - INFO - 1 change detected
2026-02-03 17:30:48,363 - watchfiles.main - INFO - 1 change detected
2026-02-03 17:30:48,772 - watchfiles.main - INFO - 1 change detected
2026-02-03 17:30:49,180 - watchfiles.main - INFO - 1 change detected
2026-02-03 17:30:49,537 - watchfiles.main - INFO - 1 change detected
2026-02-03 17:30:49,947 - watchfiles.main - INFO - 1 change detected
2026-02-03 17:30:50,355 - watchfiles.main - INFO - 1 change detected
2026-02-03 17:30:50,763 - watchfiles.main - INFO - 1 change detected
2026-02-03 17:30:51,173 - watchfiles.main - INFO - 1 change detected
2026-02-03 17:30:51,583 - watchfiles.main - INFO - 1 change detected
2026-02-03 17:30:51,988 - watchfiles.main - INFO - 1 change detected
2026-02-03 17:30:52,397 - watchfiles.main - INFO - 1 change detected
2026-02-03 17:30:52,753 - watchfiles.main - INFO - 1 change detected
2026-02-03 17:30:53,163 - watchfiles.main - INFO - 1 change detected
2026-02-03 17:30:53,566 - watchfiles.main - INFO - 1 change detected
2026-02-03 17:30:53,974 - watchfiles.main - INFO - 1 change detected
2026-02-03 17:30:54,381 - watchfiles.main - INFO - 1 change detected
2026-02-03 17:30:54,741 - watchfiles.main - INFO - 1 change detected
2026-02-03 17:30:55,149 - watchfiles.main - INFO - 1 change detected
2026-02-03 17:30:55,558 - watchfiles.main - INFO - 1 change detected
2026-02-03 17:30:55,918 - watchfiles.main - INFO - 1 change detected
2026-02-03 17:30:56,327 - watchfiles.main - INFO - 1 change detected
2026-02-03 17:30:56,735 - watchfiles.main - INFO - 1 change detected
2026-02-03 17:30:57,144 - watchfiles.main - INFO - 1 change detected
2026-02-03 17:30:57,551 - watchfiles.main - INFO - 1 change detected
2026-02-03 17:30:57,960 - watchfiles.main - INFO - 1 change detected
2026-02-03 17:30:58,319 - watchfiles.main - INFO - 1 change detected
2026-02-03 17:30:58,730 - watchfiles.main - INFO - 1 change detected
2026-02-03 17:30:59,139 - watchfiles.main - INFO - 1 change detected
2026-02-03 17:30:59,500 - watchfiles.main - INFO - 1 change detected
2026-02-03 17:30:59,856 - watchfiles.main - INFO - 1 change detected
2026-02-03 17:31:00,270 - watchfiles.main - INFO - 1 change detected
2026-02-03 17:31:00,676 - watchfiles.main - INFO - 1 change detected
2026-02-03 17:31:01,082 - watchfiles.main - INFO - 1 change detected
2026-02-03 17:31:01,437 - watchfiles.main - INFO - 1 change detected
2026-02-03 17:31:01,850 - watchfiles.main - INFO - 1 change detected
2026-02-03 17:31:02,255 - watchfiles.main - INFO - 1 change detected
2026-02-03 17:31:02,666 - watchfiles.main - INFO - 1 change detected
2026-02-03 17:31:03,073 - watchfiles.main - INFO - 1 change detected
2026-02-03 17:31:03,480 - watchfiles.main - INFO - 1 change detected
2026-02-03 17:31:03,890 - watchfiles.main - INFO - 1 change detected
2026-02-03 17:31:04,300 - watchfiles.main - INFO - 1 change detected
2026-02-03 17:31:04,708 - watchfiles.main - INFO - 1 change detected
2026-02-03 17:31:05,114 - watchfiles.main - INFO - 1 change detected
2026-02-03 17:31:05,472 - watchfiles.main - INFO - 1 change detected
2026-02-03 17:31:05,885 - watchfiles.main - INFO - 1 change detected
2026-02-03 17:31:06,290 - watchfiles.main - INFO - 1 change detected
2026-02-03 17:31:06,646 - watchfiles.main - INFO - 1 change detected
2026-02-03 17:31:07,055 - watchfiles.main - INFO - 1 change detected
2026-02-03 17:31:07,459 - watchfiles.main - INFO - 1 change detected
2026-02-03 17:31:07,866 - watchfiles.main - INFO - 1 change detected
2026-02-03 17:31:08,272 - watchfiles.main - INFO - 1 change detected
2026-02-03 17:31:08,629 - watchfiles.main - INFO - 1 change detected
2026-02-03 17:31:08,993 - watchfiles.main - INFO - 1 change detected
2026-02-03 17:31:09,352 - watchfiles.main - INFO - 1 change detected
2026-02-03 17:31:09,762 - watchfiles.main - INFO - 1 change detected
2026-02-03 17:31:10,171 - watchfiles.main - INFO - 1 change detected
2026-02-03 17:31:10,579 - watchfiles.main - INFO - 1 change detected
2026-02-03 17:31:10,983 - watchfiles.main - INFO - 1 change detected
2026-02-03 17:31:11,388 - watchfiles.main - INFO - 1 change detected
2026-02-03 17:31:11,795 - watchfiles.main - INFO - 1 change detected
2026-02-03 17:31:12,202 - watchfiles.main - INFO - 1 change detected
2026-02-03 17:31:12,609 - watchfiles.main - INFO - 1 change detected
2026-02-03 17:31:13,014 - watchfiles.main - INFO - 1 change detected
2026-02-03 17:31:13,423 - watchfiles.main - INFO - 1 change detected
2026-02-03 17:31:13,781 - watchfiles.main - INFO - 1 change detected
2026-02-03 17:31:14,191 - watchfiles.main - INFO - 1 change detected
2026-02-03 17:31:14,598 - watchfiles.main - INFO - 2 changes detected
2026-02-03 17:31:15,005 - watchfiles.main - INFO - 1 change detected
2026-02-03 17:31:15,410 - watchfiles.main - INFO - 1 change detected
2026-02-03 17:31:15,819 - watchfiles.main - INFO - 1 change detected
2026-02-03 17:31:16,173 - watchfiles.main - INFO - 1 change detected
2026-02-03 17:31:16,582 - watchfiles.main - INFO - 1 change detected
2026-02-03 17:31:16,988 - watchfiles.main - INFO - 1 change detected
2026-02-03 17:31:17,397 - watchfiles.main - INFO - 1 change detected
2026-02-03 17:31:17,805 - watchfiles.main - INFO - 1 change detected
2026-02-03 17:31:18,163 - watchfiles.main - INFO - 1 change detected
2026-02-03 17:31:18,623 - watchfiles.main - INFO - 1 change detected
2026-02-03 17:31:18,989 - watchfiles.main - INFO - 1 change detected
2026-02-03 17:31:19,403 - watchfiles.main - INFO - 1 change detected
2026-02-03 17:31:19,812 - watchfiles.main - INFO - 1 change detected
2026-02-03 17:31:20,220 - watchfiles.main - INFO - 1 change detected
2026-02-03 17:31:20,579 - watchfiles.main - INFO - 1 change detected
2026-02-03 17:31:20,991 - watchfiles.main - INFO - 1 change detected
2026-02-03 17:31:21,400 - watchfiles.main - INFO - 1 change detected
2026-02-03 17:31:21,762 - watchfiles.main - INFO - 1 change detected
2026-02-03 17:31:22,173 - watchfiles.main - INFO - 1 change detected
2026-02-03 17:31:22,581 - watchfiles.main - INFO - 1 change detected
2026-02-03 17:31:22,989 - watchfiles.main - INFO - 1 change detected
2026-02-03 17:31:23,396 - watchfiles.main - INFO - 1 change detected
2026-02-03 17:31:23,802 - watchfiles.main - INFO - 1 change detected
2026-02-03 17:31:24,210 - watchfiles.main - INFO - 1 change detected
2026-02-03 17:31:24,617 - watchfiles.main - INFO - 1 change detected
2026-02-03 17:31:25,023 - watchfiles.main - INFO - 1 change detected
2026-02-03 17:31:25,427 - watchfiles.main - INFO - 1 change detected
2026-02-03 17:31:25,786 - watchfiles.main - INFO - 1 change detected
2026-02-03 17:31:26,188 - watchfiles.main - INFO - 1 change detected
2026-02-03 17:31:26,595 - watchfiles.main - INFO - 1 change detected
2026-02-03 17:31:26,999 - watchfiles.main - INFO - 1 change detected
2026-02-03 17:31:27,404 - watchfiles.main - INFO - 1 change detected
2026-02-03 17:31:27,809 - watchfiles.main - INFO - 1 change detected
2026-02-03 17:31:28,213 - watchfiles.main - INFO - 1 change detected
2026-02-03 17:31:28,620 - watchfiles.main - INFO - 1 change detected
2026-02-03 17:31:29,025 - watchfiles.main - INFO - 1 change detected
2026-02-03 17:31:29,382 - watchfiles.main - INFO - 1 change detected
2026-02-03 17:31:29,795 - watchfiles.main - INFO - 1 change detected
2026-02-03 17:31:30,205 - watchfiles.main - INFO - 1 change detected
2026-02-03 17:31:30,614 - watchfiles.main - INFO - 1 change detected
2026-02-03 17:31:31,017 - watchfiles.main - INFO - 1 change detected
2026-02-03 17:31:31,423 - watchfiles.main - INFO - 1 change detected
2026-02-03 17:31:31,830 - watchfiles.main - INFO - 1 change detected
2026-02-03 17:31:32,237 - watchfiles.main - INFO - 1 change detected
2026-02-03 17:31:32,644 - watchfiles.main - INFO - 1 change detected
2026-02-03 17:31:33,049 - watchfiles.main - INFO - 1 change detected
2026-02-03 17:31:33,456 - watchfiles.main - INFO - 1 change detected
2026-02-03 17:31:33,863 - watchfiles.main - INFO - 1 change detected
2026-02-03 17:31:34,218 - watchfiles.main - INFO - 1 change detected
2026-02-03 17:31:34,681 - watchfiles.main - INFO - 1 change detected
2026-02-03 17:31:35,083 - watchfiles.main - INFO - 1 change detected
2026-02-03 17:31:35,438 - watchfiles.main - INFO - 1 change detected
2026-02-03 17:31:35,848 - watchfiles.main - INFO - 1 change detected
2026-02-03 17:31:36,302 - watchfiles.main - INFO - 1 change detected
2026-02-03 17:31:36,707 - watchfiles.main - INFO - 1 change detected
2026-02-03 17:31:37,114 - watchfiles.main - INFO - 1 change detected
2026-02-03 17:31:37,519 - watchfiles.main - INFO - 1 change detected
2026-02-03 17:31:37,925 - watchfiles.main - INFO - 1 change detected
2026-02-03 17:31:38,334 - watchfiles.main - INFO - 1 change detected
2026-02-03 17:31:38,742 - watchfiles.main - INFO - 1 change detected
2026-02-03 17:31:39,149 - watchfiles.main - INFO - 1 change detected
2026-02-03 17:31:39,556 - watchfiles.main - INFO - 1 change detected
2026-02-03 17:31:39,963 - watchfiles.main - INFO - 1 change detected
2026-02-03 17:31:40,365 - watchfiles.main - INFO - 1 change detected
2026-02-03 17:31:40,723 - watchfiles.main - INFO - 1 change detected
2026-02-03 17:31:41,131 - watchfiles.main - INFO - 1 change detected
2026-02-03 17:31:41,539 - watchfiles.main - INFO - 1 change detected
2026-02-03 17:31:41,945 - watchfiles.main - INFO - 1 change detected
2026-02-03 17:31:42,349 - watchfiles.main - INFO - 1 change detected
2026-02-03 17:31:42,754 - watchfiles.main - INFO - 1 change detected
2026-02-03 17:31:43,159 - watchfiles.main - INFO - 1 change detected
2026-02-03 17:31:43,563 - watchfiles.main - INFO - 1 change detected
2026-02-03 17:31:43,970 - watchfiles.main - INFO - 1 change detected
2026-02-03 17:31:44,377 - watchfiles.main - INFO - 1 change detected
2026-02-03 17:31:44,731 - watchfiles.main - INFO - 1 change detected
2026-02-03 17:31:45,140 - watchfiles.main - INFO - 1 change detected
2026-02-03 17:31:45,546 - watchfiles.main - INFO - 1 change detected
2026-02-03 17:31:45,953 - watchfiles.main - INFO - 1 change detected
2026-02-03 17:31:46,359 - watchfiles.main - INFO - 1 change detected
2026-02-03 17:31:46,766 - watchfiles.main - INFO - 1 change detected
2026-02-03 17:31:47,171 - watchfiles.main - INFO - 1 change detected
2026-02-03 17:31:47,581 - watchfiles.main - INFO - 1 change detected
2026-02-03 17:31:47,989 - watchfiles.main - INFO - 1 change detected
2026-02-03 17:31:48,397 - watchfiles.main - INFO - 1 change detected
2026-02-03 17:31:48,803 - watchfiles.main - INFO - 1 change detected
2026-02-03 17:31:49,212 - watchfiles.main - INFO - 1 change detected
2026-02-03 17:31:49,617 - watchfiles.main - INFO - 1 change detected
2026-02-03 17:31:50,026 - watchfiles.main - INFO - 1 change detected
2026-02-03 17:31:50,430 - watchfiles.main - INFO - 1 change detected
2026-02-03 17:31:50,836 - watchfiles.main - INFO - 1 change detected
2026-02-03 17:31:51,242 - watchfiles.main - INFO - 1 change detected
2026-02-03 17:31:51,649 - watchfiles.main - INFO - 1 change detected
2026-02-03 17:31:52,057 - watchfiles.main - INFO - 1 change detected
2026-02-03 17:31:52,461 - watchfiles.main - INFO - 1 change detected
2026-02-03 17:31:52,868 - watchfiles.main - INFO - 1 change detected
2026-02-03 17:31:53,226 - watchfiles.main - INFO - 1 change detected
2026-02-03 17:31:53,637 - watchfiles.main - INFO - 1 change detected
2026-02-03 17:31:54,045 - watchfiles.main - INFO - 1 change detected
2026-02-03 17:31:54,453 - watchfiles.main - INFO - 1 change detected
2026-02-03 17:31:54,856 - watchfiles.main - INFO - 1 change detected
2026-02-03 17:31:55,265 - watchfiles.main - INFO - 1 change detected
2026-02-03 17:31:55,673 - watchfiles.main - INFO - 1 change detected
2026-02-03 17:31:56,078 - watchfiles.main - INFO - 1 change detected
2026-02-03 17:31:56,485 - watchfiles.main - INFO - 1 change detected
2026-02-03 17:31:56,890 - watchfiles.main - INFO - 1 change detected
2026-02-03 17:31:57,299 - watchfiles.main - INFO - 1 change detected
2026-02-03 17:31:57,706 - watchfiles.main - INFO - 1 change detected
2026-02-03 17:31:58,065 - watchfiles.main - INFO - 1 change detected
2026-02-03 17:31:58,475 - watchfiles.main - INFO - 1 change detected
2026-02-03 17:31:58,882 - watchfiles.main - INFO - 1 change detected
2026-02-03 17:31:59,289 - watchfiles.main - INFO - 1 change detected
2026-02-03 17:31:59,696 - watchfiles.main - INFO - 1 change detected
2026-02-03 17:32:00,055 - watchfiles.main - INFO - 1 change detected
2026-02-03 17:32:00,468 - watchfiles.main - INFO - 1 change detected
2026-02-03 17:32:00,874 - watchfiles.main - INFO - 1 change detected
2026-02-03 17:32:01,281 - watchfiles.main - INFO - 1 change detected
2026-02-03 17:32:01,689 - watchfiles.main - INFO - 1 change detected
2026-02-03 17:32:02,096 - watchfiles.main - INFO - 1 change detected
2026-02-03 17:32:02,453 - watchfiles.main - INFO - 1 change detected
2026-02-03 17:32:02,866 - watchfiles.main - INFO - 1 change detected
2026-02-03 17:32:03,270 - watchfiles.main - INFO - 1 change detected
2026-02-03 17:32:03,678 - watchfiles.main - INFO - 1 change detected
2026-02-03 17:32:04,085 - watchfiles.main - INFO - 1 change detected
2026-02-03 17:32:04,491 - watchfiles.main - INFO - 1 change detected
2026-02-03 17:32:04,899 - watchfiles.main - INFO - 1 change detected
2026-02-03 17:32:05,259 - watchfiles.main - INFO - 1 change detected
2026-02-03 17:32:05,669 - watchfiles.main - INFO - 1 change detected
2026-02-03 17:32:06,076 - watchfiles.main - INFO - 1 change detected
2026-02-03 17:32:06,486 - watchfiles.main - INFO - 1 change detected
2026-02-03 17:32:06,943 - watchfiles.main - INFO - 1 change detected
2026-02-03 17:32:07,348 - watchfiles.main - INFO - 1 change detected
2026-02-03 17:32:07,754 - watchfiles.main - INFO - 1 change detected
2026-02-03 17:32:08,113 - watchfiles.main - INFO - 1 change detected
2026-02-03 17:32:08,525 - watchfiles.main - INFO - 1 change detected
2026-02-03 17:32:08,929 - watchfiles.main - INFO - 1 change detected
2026-02-03 17:32:09,335 - watchfiles.main - INFO - 1 change detected
2026-02-03 17:32:09,741 - watchfiles.main - INFO - 1 change detected
2026-02-03 17:32:10,146 - watchfiles.main - INFO - 1 change detected
2026-02-03 17:32:10,551 - watchfiles.main - INFO - 1 change detected
2026-02-03 17:32:10,959 - watchfiles.main - INFO - 1 change detected
2026-02-03 17:32:11,362 - watchfiles.main - INFO - 1 change detected
2026-02-03 17:32:11,770 - watchfiles.main - INFO - 1 change detected
2026-02-03 17:32:12,176 - watchfiles.main - INFO - 1 change detected
2026-02-03 17:32:12,583 - watchfiles.main - INFO - 1 change detected
2026-02-03 17:32:12,988 - watchfiles.main - INFO - 1 change detected
2026-02-03 17:32:13,394 - watchfiles.main - INFO - 1 change detected
2026-02-03 17:32:13,800 - watchfiles.main - INFO - 1 change detected
2026-02-03 17:32:14,162 - watchfiles.main - INFO - 1 change detected
2026-02-03 17:32:14,572 - watchfiles.main - INFO - 1 change detected
2026-02-03 17:32:14,979 - watchfiles.main - INFO - 1 change detected
2026-02-03 17:32:15,387 - watchfiles.main - INFO - 1 change detected
2026-02-03 17:32:15,791 - watchfiles.main - INFO - 1 change detected
2026-02-03 17:32:16,200 - watchfiles.main - INFO - 1 change detected
2026-02-03 17:32:16,557 - watchfiles.main - INFO - 1 change detected
2026-02-03 17:32:16,970 - watchfiles.main - INFO - 1 change detected
2026-02-03 17:32:17,379 - watchfiles.main - INFO - 1 change detected
2026-02-03 17:32:17,784 - watchfiles.main - INFO - 1 change detected
2026-02-03 17:32:18,142 - watchfiles.main - INFO - 1 change detected
2026-02-03 17:32:18,555 - watchfiles.main - INFO - 1 change detected
2026-02-03 17:32:18,967 - watchfiles.main - INFO - 1 change detected
2026-02-03 17:32:19,388 - watchfiles.main - INFO - 1 change detected
2026-02-03 17:32:19,794 - watchfiles.main - INFO - 1 change detected
2026-02-03 17:32:20,197 - watchfiles.main - INFO - 1 change detected
2026-02-03 17:32:20,603 - watchfiles.main - INFO - 1 change detected
2026-02-03 17:32:21,007 - watchfiles.main - INFO - 1 change detected
2026-02-03 17:32:21,412 - watchfiles.main - INFO - 1 change detected
2026-02-03 17:32:21,820 - watchfiles.main - INFO - 1 change detected
2026-02-03 17:32:22,226 - watchfiles.main - INFO - 1 change detected
2026-02-03 17:32:22,631 - watchfiles.main - INFO - 1 change detected
2026-02-03 17:32:23,033 - watchfiles.main - INFO - 1 change detected
2026-02-03 17:32:23,437 - watchfiles.main - INFO - 1 change detected
2026-02-03 17:32:23,842 - watchfiles.main - INFO - 1 change detected
2026-02-03 17:32:24,199 - watchfiles.main - INFO - 1 change detected
2026-02-03 17:32:24,609 - watchfiles.main - INFO - 1 change detected
2026-02-03 17:32:25,014 - watchfiles.main - INFO - 1 change detected
2026-02-03 17:32:25,420 - watchfiles.main - INFO - 1 change detected
2026-02-03 17:32:25,824 - watchfiles.main - INFO - 1 change detected
2026-02-03 17:32:26,232 - watchfiles.main - INFO - 1 change detected
2026-02-03 17:32:26,638 - watchfiles.main - INFO - 1 change detected
2026-02-03 17:32:27,046 - watchfiles.main - INFO - 1 change detected
2026-02-03 17:32:27,402 - watchfiles.main - INFO - 1 change detected
2026-02-03 17:32:27,809 - watchfiles.main - INFO - 1 change detected
2026-02-03 17:32:28,215 - watchfiles.main - INFO - 1 change detected
2026-02-03 17:32:28,620 - watchfiles.main - INFO - 1 change detected
2026-02-03 17:32:29,030 - watchfiles.main - INFO - 1 change detected
2026-02-03 17:32:29,390 - watchfiles.main - INFO - 1 change detected
2026-02-03 17:32:29,853 - watchfiles.main - INFO - 1 change detected
2026-02-03 17:32:30,260 - watchfiles.main - INFO - 1 change detected
2026-02-03 17:32:30,666 - watchfiles.main - INFO - 1 change detected
2026-02-03 17:32:31,025 - watchfiles.main - INFO - 1 change detected
2026-02-03 17:32:31,431 - watchfiles.main - INFO - 1 change detected
2026-02-03 17:32:31,837 - watchfiles.main - INFO - 1 change detected
2026-02-03 17:32:32,247 - watchfiles.main - INFO - 1 change detected
2026-02-03 17:32:32,655 - watchfiles.main - INFO - 1 change detected
2026-02-03 17:32:33,062 - watchfiles.main - INFO - 1 change detected
2026-02-03 17:32:33,466 - watchfiles.main - INFO - 1 change detected
2026-02-03 17:32:33,825 - watchfiles.main - INFO - 1 change detected
2026-02-03 17:32:34,237 - watchfiles.main - INFO - 1 change detected
2026-02-03 17:32:34,694 - watchfiles.main - INFO - 1 change detected
2026-02-03 17:32:35,110 - watchfiles.main - INFO - 1 change detected
2026-02-03 17:32:35,466 - watchfiles.main - INFO - 1 change detected
2026-02-03 17:32:35,875 - watchfiles.main - INFO - 1 change detected
2026-02-03 17:32:36,335 - watchfiles.main - INFO - 1 change detected
2026-02-03 17:32:36,742 - watchfiles.main - INFO - 1 change detected
2026-02-03 17:32:37,102 - watchfiles.main - INFO - 1 change detected
2026-02-03 17:32:37,513 - watchfiles.main - INFO - 1 change detected
2026-02-03 17:32:37,920 - watchfiles.main - INFO - 1 change detected
2026-02-03 17:32:38,326 - watchfiles.main - INFO - 1 change detected
2026-02-03 17:32:38,732 - watchfiles.main - INFO - 1 change detected
2026-02-03 17:32:39,146 - watchfiles.main - INFO - 1 change detected
2026-02-03 17:32:39,499 - watchfiles.main - INFO - 1 change detected
2026-02-03 17:32:39,911 - watchfiles.main - INFO - 1 change detected
2026-02-03 17:32:40,317 - watchfiles.main - INFO - 1 change detected
2026-02-03 17:32:40,731 - watchfiles.main - INFO - 1 change detected
2026-02-03 17:32:41,148 - watchfiles.main - INFO - 1 change detected
2026-02-03 17:32:41,552 - watchfiles.main - INFO - 1 change detected
2026-02-03 17:32:41,958 - watchfiles.main - INFO - 1 change detected
2026-02-03 17:32:42,313 - watchfiles.main - INFO - 1 change detected
2026-02-03 17:32:42,721 - watchfiles.main - INFO - 1 change detected
2026-02-03 17:32:43,128 - watchfiles.main - INFO - 1 change detected
2026-02-03 17:32:43,536 - watchfiles.main - INFO - 1 change detected
2026-02-03 17:32:43,943 - watchfiles.main - INFO - 1 change detected
2026-02-03 17:32:44,351 - watchfiles.main - INFO - 1 change detected
2026-02-03 17:32:44,759 - watchfiles.main - INFO - 1 change detected
2026-02-03 17:32:45,167 - watchfiles.main - INFO - 1 change detected
2026-02-03 17:32:45,572 - watchfiles.main - INFO - 1 change detected
2026-02-03 17:32:45,978 - watchfiles.main - INFO - 1 change detected
2026-02-03 17:32:46,385 - watchfiles.main - INFO - 1 change detected
2026-02-03 17:32:46,787 - watchfiles.main - INFO - 1 change detected
2026-02-03 17:32:47,194 - watchfiles.main - INFO - 1 change detected
2026-02-03 17:32:47,600 - watchfiles.main - INFO - 1 change detected
2026-02-03 17:32:48,011 - watchfiles.main - INFO - 1 change detected
2026-02-03 17:32:48,372 - watchfiles.main - INFO - 1 change detected
2026-02-03 17:32:48,785 - watchfiles.main - INFO - 1 change detected
2026-02-03 17:32:49,190 - watchfiles.main - INFO - 1 change detected
2026-02-03 17:32:49,597 - watchfiles.main - INFO - 1 change detected
2026-02-03 17:32:50,002 - watchfiles.main - INFO - 1 change detected
2026-02-03 17:32:50,358 - watchfiles.main - INFO - 1 change detected
2026-02-03 17:32:50,769 - watchfiles.main - INFO - 1 change detected
2026-02-03 17:32:51,186 - watchfiles.main - INFO - 1 change detected
2026-02-03 17:32:51,591 - watchfiles.main - INFO - 1 change detected
2026-02-03 17:32:51,999 - watchfiles.main - INFO - 1 change detected
2026-02-03 17:32:52,407 - watchfiles.main - INFO - 1 change detected
2026-02-03 17:32:52,812 - watchfiles.main - INFO - 1 change detected
2026-02-03 17:32:53,217 - watchfiles.main - INFO - 1 change detected
2026-02-03 17:32:53,621 - watchfiles.main - INFO - 1 change detected
2026-02-03 17:32:54,026 - watchfiles.main - INFO - 1 change detected
2026-02-03 17:32:54,434 - watchfiles.main - INFO - 1 change detected
2026-02-03 17:32:54,839 - watchfiles.main - INFO - 1 change detected
2026-02-03 17:32:55,245 - watchfiles.main - INFO - 1 change detected
2026-02-03 17:32:55,753 - watchfiles.main - INFO - 1 change detected
2026-02-03 17:32:56,113 - watchfiles.main - INFO - 1 change detected
2026-02-03 17:32:56,520 - watchfiles.main - INFO - 1 change detected
2026-02-03 17:32:56,929 - watchfiles.main - INFO - 1 change detected
2026-02-03 17:32:57,336 - watchfiles.main - INFO - 1 change detected
2026-02-03 17:32:57,743 - watchfiles.main - INFO - 1 change detected
2026-02-03 17:32:58,146 - watchfiles.main - INFO - 1 change detected
2026-02-03 17:32:58,551 - watchfiles.main - INFO - 1 change detected
2026-02-03 17:32:58,955 - watchfiles.main - INFO - 1 change detected
2026-02-03 17:32:59,361 - watchfiles.main - INFO - 1 change detected
2026-02-03 17:32:59,769 - watchfiles.main - INFO - 1 change detected
2026-02-03 17:33:00,127 - watchfiles.main - INFO - 1 change detected
2026-02-03 17:33:00,531 - watchfiles.main - INFO - 1 change detected
2026-02-03 17:33:00,940 - watchfiles.main - INFO - 1 change detected
2026-02-03 17:33:01,348 - watchfiles.main - INFO - 1 change detected
2026-02-03 17:33:01,753 - watchfiles.main - INFO - 1 change detected
2026-02-03 17:33:02,160 - watchfiles.main - INFO - 1 change detected
2026-02-03 17:33:02,565 - watchfiles.main - INFO - 1 change detected
2026-02-03 17:33:02,975 - watchfiles.main - INFO - 1 change detected
2026-02-03 17:33:03,377 - watchfiles.main - INFO - 1 change detected
2026-02-03 17:33:03,733 - watchfiles.main - INFO - 1 change detected
2026-02-03 17:33:04,142 - watchfiles.main - INFO - 1 change detected
2026-02-03 17:33:04,550 - watchfiles.main - INFO - 1 change detected
2026-02-03 17:33:04,959 - watchfiles.main - INFO - 1 change detected
2026-02-03 17:33:05,362 - watchfiles.main - INFO - 1 change detected
2026-02-03 17:33:05,769 - watchfiles.main - INFO - 1 change detected
2026-02-03 17:33:06,174 - watchfiles.main - INFO - 1 change detected
2026-02-03 17:33:06,591 - watchfiles.main - INFO - 1 change detected
2026-02-03 17:33:06,995 - watchfiles.main - INFO - 1 change detected
2026-02-03 17:33:07,399 - watchfiles.main - INFO - 1 change detected
2026-02-03 17:33:07,856 - watchfiles.main - INFO - 1 change detected
2026-02-03 17:33:08,258 - watchfiles.main - INFO - 1 change detected
2026-02-03 17:33:08,667 - watchfiles.main - INFO - 1 change detected
2026-02-03 17:33:09,072 - watchfiles.main - INFO - 1 change detected
2026-02-03 17:33:09,479 - watchfiles.main - INFO - 1 change detected
2026-02-03 17:33:09,884 - watchfiles.main - INFO - 1 change detected
2026-02-03 17:33:10,290 - watchfiles.main - INFO - 1 change detected
2026-02-03 17:33:10,699 - watchfiles.main - INFO - 1 change detected
2026-02-03 17:33:11,105 - watchfiles.main - INFO - 1 change detected
2026-02-03 17:33:11,508 - watchfiles.main - INFO - 1 change detected
2026-02-03 17:33:11,914 - watchfiles.main - INFO - 1 change detected
2026-02-03 17:33:12,320 - watchfiles.main - INFO - 1 change detected
2026-02-03 17:33:12,726 - watchfiles.main - INFO - 1 change detected
2026-02-03 17:33:13,129 - watchfiles.main - INFO - 1 change detected
2026-02-03 17:33:13,485 - watchfiles.main - INFO - 1 change detected
2026-02-03 17:33:13,894 - watchfiles.main - INFO - 1 change detected
2026-02-03 17:33:14,302 - watchfiles.main - INFO - 1 change detected
2026-02-03 17:33:14,707 - watchfiles.main - INFO - 1 change detected
2026-02-03 17:33:15,111 - watchfiles.main - INFO - 1 change detected
2026-02-03 17:33:15,518 - watchfiles.main - INFO - 1 change detected
2026-02-03 17:33:15,923 - watchfiles.main - INFO - 1 change detected
2026-02-03 17:33:16,328 - watchfiles.main - INFO - 1 change detected
2026-02-03 17:33:16,736 - watchfiles.main - INFO - 1 change detected
2026-02-03 17:33:17,142 - watchfiles.main - INFO - 1 change detected
2026-02-03 17:33:17,549 - watchfiles.main - INFO - 1 change detected
2026-02-03 17:33:17,957 - watchfiles.main - INFO - 1 change detected
2026-02-03 17:33:18,361 - watchfiles.main - INFO - 1 change detected
2026-02-03 17:33:18,768 - watchfiles.main - INFO - 1 change detected
2026-02-03 17:33:19,177 - watchfiles.main - INFO - 1 change detected
2026-02-03 17:33:19,582 - watchfiles.main - INFO - 1 change detected
2026-02-03 17:33:19,936 - watchfiles.main - INFO - 1 change detected
2026-02-03 17:33:20,346 - watchfiles.main - INFO - 1 change detected
2026-02-03 17:33:20,756 - watchfiles.main - INFO - 1 change detected
2026-02-03 17:33:21,164 - watchfiles.main - INFO - 1 change detected
2026-02-03 17:33:21,521 - watchfiles.main - INFO - 1 change detected
2026-02-03 17:33:21,932 - watchfiles.main - INFO - 1 change detected
2026-02-03 17:33:22,345 - watchfiles.main - INFO - 1 change detected
2026-02-03 17:33:22,751 - watchfiles.main - INFO - 1 change detected
2026-02-03 17:33:23,154 - watchfiles.main - INFO - 1 change detected
2026-02-03 17:33:23,560 - watchfiles.main - INFO - 1 change detected
2026-02-03 17:33:23,965 - watchfiles.main - INFO - 1 change detected
2026-02-03 17:33:24,373 - watchfiles.main - INFO - 1 change detected
2026-02-03 17:33:24,727 - watchfiles.main - INFO - 1 change detected
2026-02-03 17:33:25,137 - watchfiles.main - INFO - 1 change detected
2026-02-03 17:33:25,593 - watchfiles.main - INFO - 1 change detected
2026-02-03 17:33:25,996 - watchfiles.main - INFO - 1 change detected
2026-02-03 17:33:26,404 - watchfiles.main - INFO - 1 change detected
2026-02-03 17:33:26,770 - watchfiles.main - INFO - 1 change detected
2026-02-03 17:33:27,179 - watchfiles.main - INFO - 1 change detected
2026-02-03 17:33:27,585 - watchfiles.main - INFO - 1 change detected
2026-02-03 17:33:27,992 - watchfiles.main - INFO - 1 change detected
2026-02-03 17:33:28,396 - watchfiles.main - INFO - 1 change detected
2026-02-03 17:33:28,801 - watchfiles.main - INFO - 1 change detected
2026-02-03 17:33:29,258 - watchfiles.main - INFO - 1 change detected
2026-02-03 17:33:29,661 - watchfiles.main - INFO - 1 change detected
2026-02-03 17:33:30,068 - watchfiles.main - INFO - 1 change detected
2026-02-03 17:33:30,431 - watchfiles.main - INFO - 1 change detected
2026-02-03 17:33:30,841 - watchfiles.main - INFO - 1 change detected
2026-02-03 17:33:31,248 - watchfiles.main - INFO - 1 change detected
2026-02-03 17:33:31,651 - watchfiles.main - INFO - 1 change detected
2026-02-03 17:33:32,058 - watchfiles.main - INFO - 1 change detected
2026-02-03 17:33:32,461 - watchfiles.main - INFO - 1 change detected
2026-02-03 17:33:32,869 - watchfiles.main - INFO - 1 change detected
2026-02-03 17:33:33,228 - watchfiles.main - INFO - 1 change detected
2026-02-03 17:33:33,639 - watchfiles.main - INFO - 1 change detected
2026-02-03 17:33:34,043 - watchfiles.main - INFO - 1 change detected
2026-02-03 17:33:34,451 - watchfiles.main - INFO - 1 change detected
2026-02-03 17:33:34,861 - watchfiles.main - INFO - 1 change detected
2026-02-03 17:33:35,267 - watchfiles.main - INFO - 1 change detected
2026-02-03 17:33:35,672 - watchfiles.main - INFO - 1 change detected
2026-02-03 17:33:36,079 - watchfiles.main - INFO - 1 change detected
2026-02-03 17:33:36,484 - watchfiles.main - INFO - 1 change detected
2026-02-03 17:33:36,891 - watchfiles.main - INFO - 1 change detected
2026-02-03 17:33:37,298 - watchfiles.main - INFO - 1 change detected
2026-02-03 17:33:37,705 - watchfiles.main - INFO - 1 change detected
2026-02-03 17:33:38,114 - watchfiles.main - INFO - 1 change detected
2026-02-03 17:33:38,470 - watchfiles.main - INFO - 1 change detected
2026-02-03 17:33:38,880 - watchfiles.main - INFO - 1 change detected
2026-02-03 17:33:39,287 - watchfiles.main - INFO - 1 change detected
2026-02-03 17:33:39,694 - watchfiles.main - INFO - 1 change detected
2026-02-03 17:33:40,103 - watchfiles.main - INFO - 1 change detected
2026-02-03 17:33:40,511 - watchfiles.main - INFO - 1 change detected
2026-02-03 17:33:40,919 - watchfiles.main - INFO - 1 change detected
2026-02-03 17:33:41,325 - watchfiles.main - INFO - 1 change detected
2026-02-03 17:33:41,679 - watchfiles.main - INFO - 1 change detected
2026-02-03 17:33:42,091 - watchfiles.main - INFO - 1 change detected
2026-02-03 17:33:42,446 - watchfiles.main - INFO - 1 change detected
2026-02-03 17:33:42,854 - watchfiles.main - INFO - 1 change detected
2026-02-03 17:33:43,261 - watchfiles.main - INFO - 1 change detected
2026-02-03 17:33:43,664 - watchfiles.main - INFO - 1 change detected
2026-02-03 17:33:44,072 - watchfiles.main - INFO - 1 change detected
2026-02-03 17:33:44,481 - watchfiles.main - INFO - 1 change detected
2026-02-03 17:33:44,937 - watchfiles.main - INFO - 1 change detected
2026-02-03 17:33:45,291 - watchfiles.main - INFO - 1 change detected
2026-02-03 17:33:45,700 - watchfiles.main - INFO - 1 change detected
2026-02-03 17:33:46,104 - watchfiles.main - INFO - 1 change detected
2026-02-03 17:33:46,513 - watchfiles.main - INFO - 1 change detected
2026-02-03 17:33:46,920 - watchfiles.main - INFO - 1 change detected
2026-02-03 17:33:47,324 - watchfiles.main - INFO - 1 change detected
2026-02-03 17:33:47,732 - watchfiles.main - INFO - 1 change detected
2026-02-03 17:33:48,138 - watchfiles.main - INFO - 1 change detected
2026-02-03 17:33:48,544 - watchfiles.main - INFO - 1 change detected
2026-02-03 17:33:48,955 - watchfiles.main - INFO - 1 change detected
2026-02-03 17:33:49,362 - watchfiles.main - INFO - 1 change detected
2026-02-03 17:33:49,768 - watchfiles.main - INFO - 1 change detected
2026-02-03 17:33:50,175 - watchfiles.main - INFO - 1 change detected
2026-02-03 17:33:50,580 - watchfiles.main - INFO - 1 change detected
2026-02-03 17:33:50,935 - watchfiles.main - INFO - 1 change detected
2026-02-03 17:33:51,347 - watchfiles.main - INFO - 1 change detected
2026-02-03 17:33:51,754 - watchfiles.main - INFO - 1 change detected
2026-02-03 17:33:52,157 - watchfiles.main - INFO - 1 change detected
2026-02-03 17:33:52,564 - watchfiles.main - INFO - 1 change detected
2026-02-03 17:33:52,970 - watchfiles.main - INFO - 1 change detected
2026-02-03 17:33:53,376 - watchfiles.main - INFO - 1 change detected
2026-02-03 17:33:53,784 - watchfiles.main - INFO - 1 change detected
2026-02-03 17:33:54,189 - watchfiles.main - INFO - 1 change detected
2026-02-03 17:33:54,595 - watchfiles.main - INFO - 1 change detected
2026-02-03 17:33:55,003 - watchfiles.main - INFO - 1 change detected
2026-02-03 17:33:55,412 - watchfiles.main - INFO - 1 change detected
2026-02-03 17:33:55,821 - watchfiles.main - INFO - 1 change detected
2026-02-03 17:33:56,228 - watchfiles.main - INFO - 1 change detected
2026-02-03 17:33:56,634 - watchfiles.main - INFO - 1 change detected
2026-02-03 17:33:56,992 - watchfiles.main - INFO - 1 change detected
2026-02-03 17:33:57,404 - watchfiles.main - INFO - 1 change detected
2026-02-03 17:33:57,811 - watchfiles.main - INFO - 1 change detected
2026-02-03 17:33:58,169 - watchfiles.main - INFO - 1 change detected
2026-02-03 17:33:58,574 - watchfiles.main - INFO - 1 change detected
2026-02-03 17:33:58,982 - watchfiles.main - INFO - 1 change detected
2026-02-03 17:33:59,394 - watchfiles.main - INFO - 1 change detected
2026-02-03 17:33:59,801 - watchfiles.main - INFO - 1 change detected
2026-02-03 17:34:00,155 - watchfiles.main - INFO - 1 change detected
2026-02-03 17:34:00,566 - watchfiles.main - INFO - 1 change detected
2026-02-03 17:34:00,972 - watchfiles.main - INFO - 1 change detected
2026-02-03 17:34:01,378 - watchfiles.main - INFO - 1 change detected
2026-02-03 17:34:01,784 - watchfiles.main - INFO - 1 change detected
2026-02-03 17:34:02,192 - watchfiles.main - INFO - 1 change detected
2026-02-03 17:34:02,595 - watchfiles.main - INFO - 1 change detected
2026-02-03 17:34:03,003 - watchfiles.main - INFO - 1 change detected
2026-02-03 17:34:03,413 - watchfiles.main - INFO - 1 change detected
2026-02-03 17:34:03,774 - watchfiles.main - INFO - 1 change detected
2026-02-03 17:34:04,189 - watchfiles.main - INFO - 1 change detected
2026-02-03 17:34:04,600 - watchfiles.main - INFO - 1 change detected
2026-02-03 17:34:04,959 - watchfiles.main - INFO - 1 change detected
2026-02-03 17:34:05,321 - watchfiles.main - INFO - 1 change detected
2026-02-03 17:34:05,733 - watchfiles.main - INFO - 1 change detected
2026-02-03 17:34:06,142 - watchfiles.main - INFO - 1 change detected
2026-02-03 17:34:06,501 - watchfiles.main - INFO - 1 change detected
2026-02-03 17:34:06,964 - watchfiles.main - INFO - 1 change detected
2026-02-03 17:34:07,368 - watchfiles.main - INFO - 1 change detected
2026-02-03 17:34:07,776 - watchfiles.main - INFO - 1 change detected
2026-02-03 17:34:08,133 - watchfiles.main - INFO - 1 change detected
2026-02-03 17:34:08,547 - watchfiles.main - INFO - 1 change detected
2026-02-03 17:34:08,957 - watchfiles.main - INFO - 1 change detected
2026-02-03 17:34:09,315 - watchfiles.main - INFO - 1 change detected
2026-02-03 17:34:09,727 - watchfiles.main - INFO - 1 change detected
2026-02-03 17:34:10,135 - watchfiles.main - INFO - 1 change detected
2026-02-03 17:34:10,548 - watchfiles.main - INFO - 1 change detected
2026-02-03 17:34:10,956 - watchfiles.main - INFO - 1 change detected
2026-02-03 17:34:11,368 - watchfiles.main - INFO - 1 change detected
2026-02-03 17:34:11,773 - watchfiles.main - INFO - 1 change detected
2026-02-03 17:34:12,182 - watchfiles.main - INFO - 1 change detected
2026-02-03 17:34:12,593 - watchfiles.main - INFO - 1 change detected
2026-02-03 17:34:13,001 - watchfiles.main - INFO - 1 change detected
2026-02-03 17:34:13,358 - watchfiles.main - INFO - 1 change detected
2026-02-03 17:34:13,769 - watchfiles.main - INFO - 1 change detected
2026-02-03 17:34:14,177 - watchfiles.main - INFO - 1 change detected
2026-02-03 17:34:14,534 - watchfiles.main - INFO - 1 change detected
2026-02-03 17:34:15,046 - watchfiles.main - INFO - 1 change detected
2026-02-03 17:34:15,399 - watchfiles.main - INFO - 1 change detected
2026-02-03 17:34:15,809 - watchfiles.main - INFO - 1 change detected
2026-02-03 17:34:16,217 - watchfiles.main - INFO - 1 change detected
2026-02-03 17:34:16,625 - watchfiles.main - INFO - 1 change detected
2026-02-03 17:34:17,033 - watchfiles.main - INFO - 1 change detected
2026-02-03 17:34:17,442 - watchfiles.main - INFO - 1 change detected
2026-02-03 17:34:17,800 - watchfiles.main - INFO - 1 change detected
2026-02-03 17:34:18,214 - watchfiles.main - INFO - 1 change detected
2026-02-03 17:34:18,621 - watchfiles.main - INFO - 1 change detected
2026-02-03 17:34:19,029 - watchfiles.main - INFO - 1 change detected
2026-02-03 17:34:19,388 - watchfiles.main - INFO - 1 change detected
2026-02-03 17:34:19,797 - watchfiles.main - INFO - 1 change detected
2026-02-03 17:34:20,205 - watchfiles.main - INFO - 1 change detected
2026-02-03 17:34:20,611 - watchfiles.main - INFO - 1 change detected
2026-02-03 17:34:21,018 - watchfiles.main - INFO - 1 change detected
2026-02-03 17:34:21,427 - watchfiles.main - INFO - 1 change detected
2026-02-03 17:34:21,837 - watchfiles.main - INFO - 1 change detected
2026-02-03 17:34:22,242 - watchfiles.main - INFO - 1 change detected
2026-02-03 17:34:22,649 - watchfiles.main - INFO - 1 change detected
2026-02-03 17:34:23,059 - watchfiles.main - INFO - 1 change detected
2026-02-03 17:34:23,467 - watchfiles.main - INFO - 1 change detected
2026-02-03 17:34:23,876 - watchfiles.main - INFO - 1 change detected
2026-02-03 17:34:24,284 - watchfiles.main - INFO - 1 change detected
2026-02-03 17:34:24,692 - watchfiles.main - INFO - 1 change detected
2026-02-03 17:34:25,097 - watchfiles.main - INFO - 1 change detected
2026-02-03 17:34:25,502 - watchfiles.main - INFO - 1 change detected
2026-02-03 17:34:25,911 - watchfiles.main - INFO - 1 change detected
2026-02-03 17:34:26,269 - watchfiles.main - INFO - 1 change detected
2026-02-03 17:34:26,680 - watchfiles.main - INFO - 1 change detected
2026-02-03 17:34:27,085 - watchfiles.main - INFO - 1 change detected
2026-02-03 17:34:27,492 - watchfiles.main - INFO - 1 change detected
2026-02-03 17:34:27,901 - watchfiles.main - INFO - 1 change detected
2026-02-03 17:34:28,311 - watchfiles.main - INFO - 1 change detected
2026-02-03 17:34:28,716 - watchfiles.main - INFO - 1 change detected
2026-02-03 17:34:29,124 - watchfiles.main - INFO - 1 change detected
2026-02-03 17:34:29,481 - watchfiles.main - INFO - 1 change detected
2026-02-03 17:34:29,890 - watchfiles.main - INFO - 1 change detected
2026-02-03 17:34:30,298 - watchfiles.main - INFO - 1 change detected
2026-02-03 17:34:30,706 - watchfiles.main - INFO - 1 change detected
2026-02-03 17:34:31,114 - watchfiles.main - INFO - 1 change detected
2026-02-03 17:34:31,524 - watchfiles.main - INFO - 1 change detected
2026-02-03 17:34:31,882 - watchfiles.main - INFO - 1 change detected
2026-02-03 17:34:32,292 - watchfiles.main - INFO - 1 change detected
2026-02-03 17:34:32,700 - watchfiles.main - INFO - 1 change detected
2026-02-03 17:34:33,107 - watchfiles.main - INFO - 1 change detected
2026-02-03 17:34:33,518 - watchfiles.main - INFO - 1 change detected
2026-02-03 17:34:33,927 - watchfiles.main - INFO - 1 change detected
2026-02-03 17:34:34,333 - watchfiles.main - INFO - 1 change detected
2026-02-03 17:34:34,739 - watchfiles.main - INFO - 1 change detected
2026-02-03 17:34:35,145 - watchfiles.main - INFO - 1 change detected
2026-02-03 17:34:35,550 - watchfiles.main - INFO - 1 change detected
2026-02-03 17:34:35,958 - watchfiles.main - INFO - 1 change detected
2026-02-03 17:34:36,367 - watchfiles.main - INFO - 1 change detected
2026-02-03 17:34:36,774 - watchfiles.main - INFO - 1 change detected
2026-02-03 17:34:37,180 - watchfiles.main - INFO - 1 change detected
2026-02-03 17:34:37,589 - watchfiles.main - INFO - 1 change detected
2026-02-03 17:34:37,998 - watchfiles.main - INFO - 1 change detected
2026-02-03 17:34:38,406 - watchfiles.main - INFO - 1 change detected
2026-02-03 17:34:38,814 - watchfiles.main - INFO - 1 change detected
2026-02-03 17:34:39,218 - watchfiles.main - INFO - 1 change detected
2026-02-03 17:34:39,625 - watchfiles.main - INFO - 1 change detected
2026-02-03 17:34:39,984 - watchfiles.main - INFO - 1 change detected
2026-02-03 17:34:40,395 - watchfiles.main - INFO - 1 change detected
2026-02-03 17:34:40,803 - watchfiles.main - INFO - 1 change detected
2026-02-03 17:34:41,211 - watchfiles.main - INFO - 1 change detected
2026-02-03 17:34:41,616 - watchfiles.main - INFO - 1 change detected
2026-02-03 17:34:42,023 - watchfiles.main - INFO - 1 change detected
2026-02-03 17:34:42,429 - watchfiles.main - INFO - 1 change detected
2026-02-03 17:34:42,836 - watchfiles.main - INFO - 1 change detected
2026-02-03 17:34:43,243 - watchfiles.main - INFO - 1 change detected
2026-02-03 17:34:43,651 - watchfiles.main - INFO - 1 change detected
2026-02-03 17:34:44,008 - watchfiles.main - INFO - 1 change detected
2026-02-03 17:34:44,418 - watchfiles.main - INFO - 1 change detected
2026-02-03 17:34:44,828 - watchfiles.main - INFO - 1 change detected
2026-02-03 17:34:45,236 - watchfiles.main - INFO - 1 change detected
2026-02-03 17:34:45,640 - watchfiles.main - INFO - 1 change detected
2026-02-03 17:34:46,050 - watchfiles.main - INFO - 1 change detected
2026-02-03 17:34:46,457 - watchfiles.main - INFO - 1 change detected
2026-02-03 17:34:46,818 - watchfiles.main - INFO - 1 change detected
2026-02-03 17:34:47,230 - watchfiles.main - INFO - 1 change detected
2026-02-03 17:34:47,636 - watchfiles.main - INFO - 1 change detected
2026-02-03 17:34:48,040 - watchfiles.main - INFO - 1 change detected
2026-02-03 17:34:48,449 - watchfiles.main - INFO - 1 change detected
2026-02-03 17:34:48,857 - watchfiles.main - INFO - 1 change detected
2026-02-03 17:34:49,266 - watchfiles.main - INFO - 1 change detected
2026-02-03 17:34:49,627 - watchfiles.main - INFO - 1 change detected
2026-02-03 17:34:50,038 - watchfiles.main - INFO - 1 change detected
2026-02-03 17:34:50,446 - watchfiles.main - INFO - 1 change detected
2026-02-03 17:34:50,853 - watchfiles.main - INFO - 1 change detected
2026-02-03 17:34:51,265 - watchfiles.main - INFO - 1 change detected
2026-02-03 17:34:51,674 - watchfiles.main - INFO - 1 change detected
2026-02-03 17:34:52,079 - watchfiles.main - INFO - 1 change detected
2026-02-03 17:34:52,486 - watchfiles.main - INFO - 1 change detected
2026-02-03 17:34:52,893 - watchfiles.main - INFO - 1 change detected
2026-02-03 17:34:53,296 - watchfiles.main - INFO - 1 change detected
2026-02-03 18:10:45,864 - tensorflow - WARNING - From C:\Users\Anany\AppData\Roaming\Python\Python312\site-packages\tf_keras\src\losses.py:2976: The name tf.losses.sparse_softmax_cross_entropy is deprecated. Please use tf.compat.v1.losses.sparse_softmax_cross_entropy instead.

2026-02-03 18:10:47,169 - sentence_transformers.SentenceTransformer - INFO - Use pytorch device_name: cpu
2026-02-03 18:10:47,169 - sentence_transformers.SentenceTransformer - INFO - Load pretrained SentenceTransformer: all-MiniLM-L6-v2
2026-02-03 18:11:14,701 - tensorflow - WARNING - From C:\Users\Anany\AppData\Roaming\Python\Python312\site-packages\tf_keras\src\losses.py:2976: The name tf.losses.sparse_softmax_cross_entropy is deprecated. Please use tf.compat.v1.losses.sparse_softmax_cross_entropy instead.

2026-02-03 18:11:16,027 - sentence_transformers.SentenceTransformer - INFO - Use pytorch device_name: cpu
2026-02-03 18:11:16,027 - sentence_transformers.SentenceTransformer - INFO - Load pretrained SentenceTransformer: all-MiniLM-L6-v2
2026-02-03 18:11:17,046 - watchfiles.main - INFO - 3 changes detected
2026-02-03 18:11:17,400 - watchfiles.main - INFO - 1 change detected
2026-02-03 18:11:20,439 - watchfiles.main - INFO - 1 change detected
2026-02-03 18:11:20,514 - backend.main - INFO - Starting RAG AI Tutor application...
2026-02-03 18:11:20,515 - root - INFO - Connecting to MongoDB...
2026-02-03 18:11:20,535 - root - INFO - Connected to MongoDB.
2026-02-03 18:11:20,536 - backend.main - INFO - Application startup complete
2026-02-03 18:11:20,792 - watchfiles.main - INFO - 1 change detected
2026-02-03 18:11:21,209 - watchfiles.main - INFO - 1 change detected
2026-02-03 18:11:21,603 - watchfiles.main - INFO - 1 change detected
2026-02-03 18:11:22,010 - watchfiles.main - INFO - 1 change detected
2026-02-03 18:11:22,417 - watchfiles.main - INFO - 1 change detected
2026-02-03 18:11:22,822 - watchfiles.main - INFO - 1 change detected
2026-02-03 18:11:23,224 - watchfiles.main - INFO - 1 change detected
2026-02-03 18:11:23,630 - watchfiles.main - INFO - 1 change detected
2026-02-03 18:11:24,034 - watchfiles.main - INFO - 1 change detected
2026-02-03 18:11:24,450 - watchfiles.main - INFO - 1 change detected
2026-02-03 18:11:24,852 - watchfiles.main - INFO - 1 change detected
